Name,Model,Trim,Student/College Grad for Retail or Lease,Military for Retail or Lease,First Responder for Retail or Lease,Lease Bonus Cash,Loyalty for Retail or Lease,Conquest for Retail or Lease,Mobility for Retail,Loyalty Lender Bonus Cash,Student/College Grad Lender Bonus,Conquest for Retail,Clean Fuel Rebate for Retail or Lease,Military for Lease,Customer Bonus Cash for Retail,Lender Bonus for Standard APR,Student/College Grad for Lease,First Responder for Lease,Military for Retail,First Responder for Retail,Limited Term Bonus Cash
INFINITI,2020 INFINITI Q60,3.0t LUXE 2dr Coupe (3.0L 6cyl Turbo 7A),,,,,,,,,,,,,,,,,,,
INFINITI,2020 INFINITI Q60,3.0t LUXE 2dr Coupe AWD (3.0L 6cyl Turbo 7A),,,,,,,,,,,,,,,,,,,
INFINITI,2020 INFINITI Q60,RED SPORT 400 2dr Coupe (3.0L 6cyl Turbo 7A),,,,,,,,,,,,,,,,,,,
INFINITI,2020 INFINITI Q60,RED SPORT 400 2dr Coupe AWD (3.0L 6cyl Turbo 7A),,,,,,,,,,,,,,,,,,,
INFINITI,2020 INFINITI Q60,3.0t PURE 2dr Coupe (3.0L 6cyl Turbo 7A),,,,,,,,,,,,,,,,,,,
INFINITI,2020 INFINITI Q60,3.0t PURE 2dr Coupe AWD (3.0L 6cyl Turbo 7A),,,,,,,,,,,,,,,,,,,
Honda,2020 Honda Passport,EX-L 4dr SUV AWD (3.5L 6cyl 9A),$500,$500,,,,,,,,,,,,,,,,,
Honda,2020 Honda Passport,Elite 4dr SUV AWD (3.5L 6cyl 9A),$500,$500,,,,,,,,,,,,,,,,,
Honda,2020 Honda Passport,Touring 4dr SUV AWD (3.5L 6cyl 9A),$500,$500,,,,,,,,,,,,,,,,,
Honda,2020 Honda Passport,EX-L 4dr SUV (3.5L 6cyl 9A),$500,$500,,,,,,,,,,,,,,,,,
Honda,2020 Honda Passport,Sport 4dr SUV AWD (3.5L 6cyl 9A),$500,$500,,,,,,,,,,,,,,,,,
Honda,2020 Honda Passport,Touring 4dr SUV (3.5L 6cyl 9A),$500,$500,,,,,,,,,,,,,,,,,
Honda,2020 Honda Passport,Sport 4dr SUV (3.5L 6cyl 9A),$500,$500,,,,,,,,,,,,,,,,,
Audi,2020 Audi S8,4dr Sedan AWD (4.0L 8cyl Turbo gas/electric hybrid 8A),,,,,,,,,,,,,,,,,,,
Genesis,2020 Genesis G70,2.0T 4dr Sedan (2.0L 4cyl Turbo 8A),,,,,,,,,,,,,,,,,,,
Genesis,2020 Genesis G70,3.3T 4dr Sedan (3.3L 6cyl Turbo 8A),,,,,,,,,,,,,,,,,,,
Genesis,2020 Genesis G70,3.3T 4dr Sedan AWD (3.3L 6cyl Turbo 8A),,,,,,,,,,,,,,,,,,,
Genesis,2020 Genesis G70,2.0T 4dr Sedan AWD (2.0L 4cyl Turbo 8A),,,,,,,,,,,,,,,,,,,
Genesis,2020 Genesis G70,2.0T Sport M/T 4dr Sedan (2.0L 4cyl Turbo 6M),,,,,,,,,,,,,,,,,,,
INFINITI,2020 INFINITI QX80,LUXE 4dr SUV 4WD (5.6L 8cyl 7A),,,,,,,,,,,,,,,,,,,
INFINITI,2020 INFINITI QX80,LUXE 4dr SUV (5.6L 8cyl 7A),,,,,,,,,,,,,,,,,,,
INFINITI,2020 INFINITI QX80,LIMITED 4dr SUV 4WD (5.6L 8cyl 7A),,,,,,,,,,,,,,,,,,,
Chevrolet,2020 Chevrolet Express Cargo,2500 3dr Van (4.3L 6cyl 8A),,,,,,,,,,,,,,,,,,,
Chevrolet,2020 Chevrolet Express Cargo,2500 3dr Ext Van (4.3L 6cyl 8A),,,,,,,,,,,,,,,,,,,
Chevrolet,2020 Chevrolet Express Cargo,3500 3dr Ext Van (4.3L 6cyl 8A),,,,,,,,,,,,,,,,,,,
Chevrolet,2020 Chevrolet Express Cargo,3500 3dr Van (4.3L 6cyl 8A),,,,,,,,,,,,,,,,,,,
Acura,2020 Acura ILX,Premium Package 4dr Sedan (2.4L 4cyl 8AM),$500,$750,,,,,,,,,,,,,,,,,
Acura,2020 Acura ILX,Premium and A-SPEC Packages 4dr Sedan (2.4L 4cyl 8AM),$500,$750,,,,,,,,,,,,,,,,,
Acura,2020 Acura ILX,4dr Sedan (2.4L 4cyl 8AM),$500,$750,,,,,,,,,,,,,,,,,
Acura,2020 Acura ILX,Technology Package 4dr Sedan (2.4L 4cyl 8AM),$500,$750,,,,,,,,,,,,,,,,,
Acura,2020 Acura ILX,Technology and A-SPEC Packages 4dr Sedan (2.4L 4cyl 8AM),$500,$750,,,,,,,,,,,,,,,,,
Dodge,2020 Dodge Journey,SE Value 4dr SUV (2.4L 4cyl 4A),,$500,$500,,$500,,,,,,,,$750,,,,,,
Dodge,2020 Dodge Journey,Crossroad 4dr SUV (2.4L 4cyl 4A),,$500,$500,,$500,,,,,,,,$750,,,,,,
FIAT,2020 FIAT 500X,Pop 4dr SUV AWD (1.3L 4cyl Turbo 9A),,$500,$500,,$500,,,,,,,,"$2,000",,,,,,
FIAT,2020 FIAT 500X,Sport 4dr SUV AWD (1.3L 4cyl Turbo 9A),,$500,$500,,$500,,,,,,,,"$2,000",,,,,,
FIAT,2020 FIAT 500X,Trekking 4dr SUV AWD (1.3L 4cyl Turbo 9A),,$500,$500,,$500,,,,,,,,"$2,000",,,,,,
FIAT,2020 FIAT 500X,Trekking Plus 4dr SUV AWD (1.3L 4cyl Turbo 9A),,$500,$500,,$500,,,,,,,,"$2,000",,,,,,
Alfa,2020 Alfa Romeo Stelvio,Ti 4dr SUV AWD (2.0L 4cyl Turbo 8A),,,$500,"$1,000","$1,000,$500,$1,000","$1,000",,,,,,,"$1,500",,,,,,
Alfa,2020 Alfa Romeo Stelvio,4dr SUV (2.0L 4cyl Turbo 8A),,,$500,"$1,000","$1,000,$500,$1,000","$1,000",,,,,,,"$1,500",,,,,,
Alfa,2020 Alfa Romeo Stelvio,Ti Sport 4dr SUV AWD (2.0L 4cyl Turbo 8A),,,$500,"$1,000","$1,000,$500,$1,000","$1,000",,,,,,,"$1,500",,,,,,
Alfa,2020 Alfa Romeo Stelvio,4dr SUV AWD (2.0L 4cyl Turbo 8A),,,$500,"$1,000","$1,000,$500,$1,000","$1,000",,,,,,,"$1,500",,,,,,
Alfa,2020 Alfa Romeo Stelvio,Sport 4dr SUV AWD (2.0L 4cyl Turbo 8A),,,$500,"$1,000","$1,000,$500,$1,000","$1,000",,,,,,,"$1,500",,,,,,
Alfa,2020 Alfa Romeo Stelvio,Sport 4dr SUV (2.0L 4cyl Turbo 8A),,,$500,"$1,000","$1,000,$500,$1,000","$1,000",,,,,,,"$1,500",,,,,,
Alfa,2020 Alfa Romeo Stelvio,Ti Lusso 4dr SUV AWD (2.0L 4cyl Turbo 8A),,,$500,"$1,000","$1,000,$500,$1,000","$1,000",,,,,,,"$1,500",,,,,,
Alfa,2020 Alfa Romeo Stelvio,Quadrifoglio 4dr SUV AWD (2.9L 6cyl Turbo 8A),,,$500,"$1,000","$1,000,$500,$1,000","$1,000",,,,,,,"$1,500",,,,,,
Alfa,2020 Alfa Romeo Stelvio,Ti Sport Carbon 4dr SUV AWD (2.0L 4cyl Turbo 8A),,,$500,"$1,000","$1,000,$500,$1,000","$1,000",,,,,,,"$1,500",,,,,,
FIAT,2020 FIAT 500L,Pop 4dr Wagon (1.4L 4cyl Turbo 6A),,$500,$500,,,,,,,,,,"$2,000",,,,,,
FIAT,2020 FIAT 500L,Urbana 4dr Wagon (1.4L 4cyl Turbo 6A),,$500,$500,,,,,,,,,,"$2,000",,,,,,
FIAT,2020 FIAT 500L,Trekking 4dr Wagon (1.4L 4cyl Turbo 6A),,$500,$500,,,,,,,,,,"$2,000",,,,,,
FIAT,2020 FIAT 500L,Lounge 4dr Wagon (1.4L 4cyl Turbo 6A),,$500,$500,,,,,,,,,,"$2,000",,,,,,
FIAT,2020 FIAT 124 Spider,Abarth 2dr Convertible (1.4L 4cyl Turbo 6M),,$500,$500,,,,,,,,,,"$2,000",,,,,,
FIAT,2020 FIAT 124 Spider,Lusso 2dr Convertible (1.4L 4cyl Turbo 6M),,$500,$500,,,,,,,,,,"$2,000",,,,,,
FIAT,2020 FIAT 124 Spider,Classica 2dr Convertible (1.4L 4cyl Turbo 6M),,$500,$500,,,,,,,,,,"$2,000",,,,,,
FIAT,2020 FIAT 124 Spider,Urbana Edition 2dr Convertible w/Prod. End 03/20 (1.4L 4cyl Turbo 6M),,$500,$500,,,,,,,,,,"$2,000",,,,,,
Ford,2020 Ford Transit Crew Van,"250 Medium Roof 3dr Van w/148"" WB (3.5L 6cyl 10A)",,$500,$500,,"$1,000","$1,000,$2,500",,,,,,,,,,,,,
Ford,2020 Ford Transit Crew Van,"350 Low Roof 3dr Van w/130"" WB (3.5L 6cyl 10A)",,$500,$500,,"$1,000","$1,000,$2,500",,,,,,,,,,,,,
Ford,2020 Ford Transit Crew Van,"250 High Roof 3dr Van AWD w/148"" WB (3.5L 6cyl 10A)",,$500,$500,,"$1,000","$1,000,$2,500",,,,,,,,,,,,,
Ford,2020 Ford Transit Crew Van,"350 Medium Roof 3dr Van w/148"" WB (3.5L 6cyl 10A)",,$500,$500,,"$1,000","$1,000,$2,500",,,,,,,,,,,,,
Ford,2020 Ford Transit Crew Van,"350 Medium Roof 3dr Van w/130"" WB (3.5L 6cyl 10A)",,$500,$500,,"$1,000","$1,000,$2,500",,,,,,,,,,,,,
Ford,2020 Ford Transit Crew Van,"350 Low Roof 3dr Van AWD w/148"" WB (3.5L 6cyl 10A)",,$500,$500,,"$1,000","$1,000,$2,500",,,,,,,,,,,,,
Ford,2020 Ford Transit Crew Van,"350 Low Roof 3dr Van w/148"" WB (3.5L 6cyl 10A)",,$500,$500,,"$1,000","$1,000,$2,500",,,,,,,,,,,,,
Ford,2020 Ford Transit Crew Van,"350 Medium Roof 3dr Van AWD w/130"" WB (3.5L 6cyl 10A)",,$500,$500,,"$1,000","$1,000,$2,500",,,,,,,,,,,,,
Ford,2020 Ford Transit Crew Van,"250 Medium Roof 3dr Van AWD w/148"" WB (3.5L 6cyl 10A)",,$500,$500,,"$1,000","$1,000,$2,500",,,,,,,,,,,,,
Ford,2020 Ford Transit Crew Van,"250 High Roof 3dr Van w/148"" WB (3.5L 6cyl 10A)",,$500,$500,,"$1,000","$1,000,$2,500",,,,,,,,,,,,,
Ford,2020 Ford Transit Crew Van,"350 Medium Roof 3dr Van AWD w/148"" WB (3.5L 6cyl 10A)",,$500,$500,,"$1,000","$1,000,$2,500",,,,,,,,,,,,,
Ford,2020 Ford Transit Crew Van,"350 Low Roof 3dr Van AWD w/130"" WB (3.5L 6cyl 10A)",,$500,$500,,"$1,000","$1,000,$2,500",,,,,,,,,,,,,
Ford,2020 Ford Transit Crew Van,"350 HD High Roof 3dr Ext Van AWD DRW w/148"" WB, 9,950 lbs. GVWR (3.5L 6cyl 10A)",,$500,$500,,"$1,000","$1,000,$2,500",,,,,,,,,,,,,
Ford,2020 Ford Transit Crew Van,"350 HD High Roof 3dr Ext Van DRW w/148"" WB, 9,950 lbs. GVWR (3.5L 6cyl 10A)",,$500,$500,,"$1,000","$1,000,$2,500",,,,,,,,,,,,,
Ford,2020 Ford Transit Crew Van,"350 High Roof 3dr Van w/148"" WB (3.5L 6cyl 10A)",,$500,$500,,"$1,000","$1,000,$2,500",,,,,,,,,,,,,
Ford,2020 Ford Transit Crew Van,"350 High Roof 3dr Van AWD w/148"" WB (3.5L 6cyl 10A)",,$500,$500,,"$1,000","$1,000,$2,500",,,,,,,,,,,,,
Ford,2020 Ford Transit Crew Van,"150 Low Roof 3dr Van w/148"" WB (3.5L 6cyl 10A)",,$500,$500,,"$1,000","$1,000,$2,500",,,,,,,,,,,,,
Ford,2020 Ford Transit Crew Van,"350 HD High Roof 3dr Ext Van DRW w/148"" WB, 10,360 lbs. GVWR (3.5L 6cyl 10A)",,$500,$500,,"$1,000","$1,000,$2,500",,,,,,,,,,,,,
Ford,2020 Ford Transit Crew Van,"350 HD High Roof 3dr Ext Van AWD DRW w/148"" WB, 10,360 lbs. GVWR (3.5L 6cyl Turbo 10A)",,$500,$500,,"$1,000","$1,000,$2,500",,,,,,,,,,,,,
Ford,2020 Ford Transit Crew Van,"150 Low Roof 3dr Van AWD w/148"" WB (3.5L 6cyl 10A)",,$500,$500,,"$1,000","$1,000,$2,500",,,,,,,,,,,,,
Ford,2020 Ford Transit Crew Van,"250 Medium Roof 3dr Van AWD w/130"" WB (3.5L 6cyl 10A)",,$500,$500,,"$1,000","$1,000,$2,500",,,,,,,,,,,,,
Ford,2020 Ford Transit Crew Van,"250 Medium Roof 3dr Van w/130"" WB (3.5L 6cyl 10A)",,$500,$500,,"$1,000","$1,000,$2,500",,,,,,,,,,,,,
Ford,2020 Ford Transit Crew Van,"250 Low Roof 3dr Van w/148"" WB (3.5L 6cyl 10A)",,$500,$500,,"$1,000","$1,000,$2,500",,,,,,,,,,,,,
Ford,2020 Ford Transit Crew Van,"150 Low Roof 3dr Van AWD w/130"" WB (3.5L 6cyl 10A)",,$500,$500,,"$1,000","$1,000,$2,500",,,,,,,,,,,,,
Ford,2020 Ford Transit Crew Van,"250 Low Roof 3dr Van AWD w/148"" WB (3.5L 6cyl 10A)",,$500,$500,,"$1,000","$1,000,$2,500",,,,,,,,,,,,,
Ford,2020 Ford Transit Crew Van,"150 Medium Roof 3dr Van w/130"" WB (3.5L 6cyl 10A)",,$500,$500,,"$1,000","$1,000,$2,500",,,,,,,,,,,,,
Ford,2020 Ford Transit Crew Van,"250 Low Roof 3dr Van w/130"" WB (3.5L 6cyl 10A)",,$500,$500,,"$1,000","$1,000,$2,500",,,,,,,,,,,,,
Ford,2020 Ford Transit Crew Van,"150 Medium Roof 3dr Van AWD w/130"" WB (3.5L 6cyl 10A)",,$500,$500,,"$1,000","$1,000,$2,500",,,,,,,,,,,,,
Ford,2020 Ford Transit Crew Van,"150 Medium Roof 3dr Van AWD w/148"" WB (3.5L 6cyl 10A)",,$500,$500,,"$1,000","$1,000,$2,500",,,,,,,,,,,,,
Ford,2020 Ford Transit Crew Van,"150 Medium Roof 3dr Van w/148"" WB (3.5L 6cyl 10A)",,$500,$500,,"$1,000","$1,000,$2,500",,,,,,,,,,,,,
Ford,2020 Ford Transit Crew Van,"150 Low Roof 3dr Van w/130"" WB (3.5L 6cyl 10A)",,$500,$500,,"$1,000","$1,000,$2,500",,,,,,,,,,,,,
Ford,2020 Ford Transit Crew Van,"250 Low Roof 3dr Van AWD w/130"" WB (3.5L 6cyl 10A)",,$500,$500,,"$1,000","$1,000,$2,500",,,,,,,,,,,,,
Ford,2020 Ford F-450 Super Duty,Platinum 4dr Crew Cab 4WD DRW (6.7L 8cyl Turbodiesel 10A),,,,,,,,,,,,,,,,,,,
Ford,2020 Ford F-450 Super Duty,XL 4dr Crew Cab 4WD DRW (6.7L 8cyl Turbodiesel 10A),,,,,,,,,,,,,,,,,,,
Ford,2020 Ford F-450 Super Duty,King Ranch 4dr Crew Cab DRW (6.7L 8cyl Turbodiesel 10A),,,,,,,,,,,,,,,,,,,
Ford,2020 Ford F-450 Super Duty,Platinum 4dr Crew Cab DRW (6.7L 8cyl Turbodiesel 10A),,,,,,,,,,,,,,,,,,,
Ford,2020 Ford F-450 Super Duty,XL 4dr Crew Cab DRW (6.7L 8cyl Turbodiesel 10A),,,,,,,,,,,,,,,,,,,
Ford,2020 Ford F-450 Super Duty,Lariat 4dr Crew Cab 4WD DRW (6.7L 8cyl Turbodiesel 10A),,,,,,,,,,,,,,,,,,,
Ford,2020 Ford F-450 Super Duty,XLT 4dr Crew Cab 4WD DRW (6.7L 8cyl Turbodiesel 10A),,,,,,,,,,,,,,,,,,,
Ford,2020 Ford F-450 Super Duty,XLT 4dr Crew Cab DRW (6.7L 8cyl Turbodiesel 10A),,,,,,,,,,,,,,,,,,,
Ford,2020 Ford F-450 Super Duty,XL 2dr Regular Cab DRW (6.7L 8cyl Turbodiesel 10A),,,,,,,,,,,,,,,,,,,
Ford,2020 Ford F-450 Super Duty,XLT 2dr Regular Cab DRW (6.7L 8cyl Turbodiesel 10A),,,,,,,,,,,,,,,,,,,
Ford,2020 Ford F-450 Super Duty,Limited 4dr Crew Cab 4WD DRW (6.7L 8cyl Turbodiesel 10A),,,,,,,,,,,,,,,,,,,
Ford,2020 Ford F-450 Super Duty,XLT 2dr Regular Cab 4WD DRW (6.7L 8cyl Turbodiesel 10A),,,,,,,,,,,,,,,,,,,
Ford,2020 Ford F-450 Super Duty,King Ranch 4dr Crew Cab 4WD DRW (6.7L 8cyl Turbodiesel 10A),,,,,,,,,,,,,,,,,,,
Ford,2020 Ford F-450 Super Duty,Lariat 4dr Crew Cab DRW (6.7L 8cyl Turbodiesel 10A),,,,,,,,,,,,,,,,,,,
Ford,2020 Ford F-450 Super Duty,XL 2dr Regular Cab 4WD DRW (6.7L 8cyl Turbodiesel 10A),,,,,,,,,,,,,,,,,,,
Ford,2020 Ford Transit Passenger Van,"350 XL Medium Roof 3dr Van w/148"" WB (3.5L 6cyl 10A)",,$500,$500,,"$1,000","$1,000,$2,500",,,,,,,,,,,,,
Ford,2020 Ford Transit Passenger Van,"350 XL Low Roof 3dr Van w/148"" WB (3.5L 6cyl 10A)",,$500,$500,,"$1,000","$1,000,$2,500",,,,,,,,,,,,,
Ford,2020 Ford Transit Passenger Van,"150 XL Low Roof 3dr Van w/130"" WB (3.5L 6cyl 10A)",,$500,$500,,"$1,000","$1,000,$2,500",,,,,,,,,,,,,
Ford,2020 Ford Transit Passenger Van,"350 HD XL High Roof 3dr Ext Van DRW w/148"" WB (3.5L 6cyl 10A)",,$500,$500,,"$1,000","$1,000,$2,500",,,,,,,,,,,,,
Ford,2020 Ford Transit Passenger Van,"350 XL Medium Roof 3dr Van w/148"" WB (2.0L 4cyl Turbodiesel 10A)",,$500,$500,,"$1,000","$1,000,$2,500",,,,,,,,,,,,,
Ford,2020 Ford Transit Passenger Van,"350 XL Medium Roof 3dr Van AWD w/148"" WB (3.5L 6cyl 10A)",,$500,$500,,"$1,000","$1,000,$2,500",,,,,,,,,,,,,
Ford,2020 Ford Transit Passenger Van,"350 XL Low Roof 3dr Van AWD w/148"" WB (3.5L 6cyl 10A)",,$500,$500,,"$1,000","$1,000,$2,500",,,,,,,,,,,,,
Ford,2020 Ford Transit Passenger Van,"350 XL High Roof 3dr Van w/148"" WB (2.0L 4cyl Turbodiesel 10A)",,$500,$500,,"$1,000","$1,000,$2,500",,,,,,,,,,,,,
Ford,2020 Ford Transit Passenger Van,"350 XL High Roof 3dr Van AWD w/148"" WB (3.5L 6cyl 10A)",,$500,$500,,"$1,000","$1,000,$2,500",,,,,,,,,,,,,
Ford,2020 Ford Transit Passenger Van,"350 XL High Roof 3dr Van w/148"" WB (3.5L 6cyl 10A)",,$500,$500,,"$1,000","$1,000,$2,500",,,,,,,,,,,,,
Ford,2020 Ford Transit Passenger Van,"350 HD XL High Roof 3dr Ext Van AWD DRW w/148"" WB (3.5L 6cyl Turbo 10A)",,$500,$500,,"$1,000","$1,000,$2,500",,,,,,,,,,,,,
Ford,2020 Ford Transit Passenger Van,"350 HD XLT High Roof 3dr Ext Van DRW w/148"" WB (3.5L 6cyl 10A)",,$500,$500,,"$1,000","$1,000,$2,500",,,,,,,,,,,,,
Ford,2020 Ford Transit Passenger Van,"150 XLT Low Roof 3dr Van w/130"" WB (3.5L 6cyl 10A)",,$500,$500,,"$1,000","$1,000,$2,500",,,,,,,,,,,,,
Ford,2020 Ford Transit Passenger Van,"150 XL Medium Roof 3dr Van AWD w/130"" WB (3.5L 6cyl 10A)",,$500,$500,,"$1,000","$1,000,$2,500",,,,,,,,,,,,,
Ford,2020 Ford Transit Passenger Van,"150 XL Medium Roof 3dr Van w/130"" WB (3.5L 6cyl 10A)",,$500,$500,,"$1,000","$1,000,$2,500",,,,,,,,,,,,,
Ford,2020 Ford Transit Passenger Van,"150 XLT Medium Roof 3dr Van AWD w/130"" WB (3.5L 6cyl 10A)",,$500,$500,,"$1,000","$1,000,$2,500",,,,,,,,,,,,,
Ford,2020 Ford Transit Passenger Van,"150 XLT Low Roof 3dr Van AWD w/130"" WB (3.5L 6cyl 10A)",,$500,$500,,"$1,000","$1,000,$2,500",,,,,,,,,,,,,
Ford,2020 Ford Transit Passenger Van,"150 XLT Medium Roof 3dr Van w/130"" WB (3.5L 6cyl 10A)",,$500,$500,,"$1,000","$1,000,$2,500",,,,,,,,,,,,,
Ford,2020 Ford Transit Passenger Van,"350 XLT Low Roof 3dr Van w/148"" WB (3.5L 6cyl 10A)",,$500,$500,,"$1,000","$1,000,$2,500",,,,,,,,,,,,,
Ford,2020 Ford Transit Passenger Van,"350 XLT Medium Roof 3dr Van w/148"" WB (2.0L 4cyl Turbodiesel 10A)",,$500,$500,,"$1,000","$1,000,$2,500",,,,,,,,,,,,,
Ford,2020 Ford Transit Passenger Van,"350 XLT Medium Roof 3dr Van AWD w/148"" WB (3.5L 6cyl 10A)",,$500,$500,,"$1,000","$1,000,$2,500",,,,,,,,,,,,,
Ford,2020 Ford Transit Passenger Van,"350 XLT Medium Roof 3dr Van w/148"" WB (3.5L 6cyl 10A)",,$500,$500,,"$1,000","$1,000,$2,500",,,,,,,,,,,,,
Ford,2020 Ford Transit Passenger Van,"350 XLT Low Roof 3dr Van AWD w/148"" WB (3.5L 6cyl 10A)",,$500,$500,,"$1,000","$1,000,$2,500",,,,,,,,,,,,,
Ford,2020 Ford Transit Passenger Van,"350 XLT High Roof 3dr Van w/148"" WB (2.0L 4cyl Turbodiesel 10A)",,$500,$500,,"$1,000","$1,000,$2,500",,,,,,,,,,,,,
Ford,2020 Ford Transit Passenger Van,"350 XLT High Roof 3dr Van AWD w/148"" WB (3.5L 6cyl 10A)",,$500,$500,,"$1,000","$1,000,$2,500",,,,,,,,,,,,,
Ford,2020 Ford Transit Passenger Van,"350 XLT High Roof 3dr Van w/148"" WB (3.5L 6cyl 10A)",,$500,$500,,"$1,000","$1,000,$2,500",,,,,,,,,,,,,
Ford,2020 Ford Transit Passenger Van,"150 XL Low Roof 3dr Van AWD w/130"" WB (3.5L 6cyl 10A)",,$500,$500,,"$1,000","$1,000,$2,500",,,,,,,,,,,,,
Ford,2020 Ford Transit Passenger Van,"350 HD XLT High Roof 3dr Ext Van AWD DRW w/148"" WB (3.5L 6cyl Turbo 10A)",,$500,$500,,"$1,000","$1,000,$2,500",,,,,,,,,,,,,
Ford,2020 Ford F-350 Super Duty,Limited 4dr Crew Cab 4WD SB (6.7L 8cyl Turbodiesel 10A),,$500,$500,,,,,,,,,,,,,,,,
Ford,2020 Ford F-350 Super Duty,Lariat 4dr Crew Cab 4WD SB (6.2L 8cyl 10A),,$500,$500,,,,,,,,,,,,,,,,
Ford,2020 Ford F-350 Super Duty,Lariat 4dr Crew Cab 4WD LB DRW (6.2L 8cyl 10A),,$500,$500,,,,,,,,,,,,,,,,
Ford,2020 Ford F-350 Super Duty,XL 4dr Crew Cab 4WD LB DRW (6.2L 8cyl 10A),,$500,$500,,,,,,,,,,,,,,,,
Ford,2020 Ford F-350 Super Duty,XLT 4dr Crew Cab 4WD LB DRW (6.2L 8cyl 10A),,$500,$500,,,,,,,,,,,,,,,,
Ford,2020 Ford F-350 Super Duty,Lariat 4dr Crew Cab 4WD LB (6.2L 8cyl 10A),,$500,$500,,,,,,,,,,,,,,,,
Ford,2020 Ford F-350 Super Duty,XL 4dr Crew Cab 4WD LB (6.2L 8cyl 10A),,$500,$500,,,,,,,,,,,,,,,,
Ford,2020 Ford F-350 Super Duty,King Ranch 4dr Crew Cab 4WD LB DRW (6.2L 8cyl 10A),,$500,$500,,,,,,,,,,,,,,,,
Ford,2020 Ford F-350 Super Duty,Platinum 4dr Crew Cab 4WD LB DRW (6.2L 8cyl 10A),,$500,$500,,,,,,,,,,,,,,,,
Ford,2020 Ford F-350 Super Duty,XLT 4dr Crew Cab 4WD SB (6.2L 8cyl 10A),,$500,$500,,,,,,,,,,,,,,,,
Ford,2020 Ford F-350 Super Duty,King Ranch 4dr Crew Cab 4WD SB (6.2L 8cyl 10A),,$500,$500,,,,,,,,,,,,,,,,
Ford,2020 Ford F-350 Super Duty,XLT 4dr Crew Cab 4WD LB (6.2L 8cyl 10A),,$500,$500,,,,,,,,,,,,,,,,
Ford,2020 Ford F-350 Super Duty,XL 4dr Crew Cab 4WD SB (6.2L 8cyl 10A),,$500,$500,,,,,,,,,,,,,,,,
Ford,2020 Ford F-350 Super Duty,Platinum 4dr Crew Cab 4WD SB (6.2L 8cyl 10A),,$500,$500,,,,,,,,,,,,,,,,
Ford,2020 Ford F-350 Super Duty,XL 2dr Regular Cab 4WD LB (6.2L 8cyl 10A),,$500,$500,,,,,,,,,,,,,,,,
Ford,2020 Ford F-350 Super Duty,XLT 4dr SuperCab 4WD SB (6.2L 8cyl 10A),,$500,$500,,,,,,,,,,,,,,,,
Ford,2020 Ford F-350 Super Duty,XLT 4dr Crew Cab LB DRW (6.2L 8cyl 10A),,$500,$500,,,,,,,,,,,,,,,,
Ford,2020 Ford F-350 Super Duty,Lariat 4dr Crew Cab LB DRW (6.2L 8cyl 10A),,$500,$500,,,,,,,,,,,,,,,,
Ford,2020 Ford F-350 Super Duty,Platinum 4dr Crew Cab LB DRW (6.2L 8cyl 10A),,$500,$500,,,,,,,,,,,,,,,,
Ford,2020 Ford F-350 Super Duty,XL 4dr Crew Cab LB DRW (6.2L 8cyl 10A),,$500,$500,,,,,,,,,,,,,,,,
Ford,2020 Ford F-350 Super Duty,King Ranch 4dr Crew Cab LB DRW (6.2L 8cyl 10A),,$500,$500,,,,,,,,,,,,,,,,
Ford,2020 Ford F-350 Super Duty,XL 4dr SuperCab 4WD LB DRW (6.2L 8cyl 10A),,$500,$500,,,,,,,,,,,,,,,,
Ford,2020 Ford F-350 Super Duty,Limited 4dr Crew Cab 4WD LB DRW (6.7L 8cyl Turbodiesel 10A),,$500,$500,,,,,,,,,,,,,,,,
Ford,2020 Ford F-350 Super Duty,XL 2dr Regular Cab 4WD LB DRW (6.2L 8cyl 10A),,$500,$500,,,,,,,,,,,,,,,,
Ford,2020 Ford F-350 Super Duty,XL 2dr Regular Cab LB DRW (6.2L 8cyl 10A),,$500,$500,,,,,,,,,,,,,,,,
Ford,2020 Ford F-350 Super Duty,XLT 2dr Regular Cab 4WD LB DRW (6.2L 8cyl 10A),,$500,$500,,,,,,,,,,,,,,,,
Ford,2020 Ford F-350 Super Duty,XLT 4dr SuperCab 4WD LB DRW (6.2L 8cyl 10A),,$500,$500,,,,,,,,,,,,,,,,
Ford,2020 Ford F-350 Super Duty,Lariat 4dr SuperCab LB DRW (6.2L 8cyl 10A),,$500,$500,,,,,,,,,,,,,,,,
Ford,2020 Ford F-350 Super Duty,XLT 2dr Regular Cab LB DRW (6.2L 8cyl 10A),,$500,$500,,,,,,,,,,,,,,,,
Ford,2020 Ford F-350 Super Duty,XLT 4dr SuperCab LB DRW (6.2L 8cyl 10A),,$500,$500,,,,,,,,,,,,,,,,
Ford,2020 Ford F-350 Super Duty,XL 4dr SuperCab LB DRW (6.2L 8cyl 10A),,$500,$500,,,,,,,,,,,,,,,,
Ford,2020 Ford F-350 Super Duty,Lariat 4dr SuperCab 4WD LB DRW (6.2L 8cyl 10A),,$500,$500,,,,,,,,,,,,,,,,
Ford,2020 Ford F-350 Super Duty,XL 4dr SuperCab 4WD LB (6.2L 8cyl 10A),,$500,$500,,,,,,,,,,,,,,,,
Ford,2020 Ford F-350 Super Duty,XL 4dr SuperCab SB (6.2L 8cyl 10A),,$500,$500,,,,,,,,,,,,,,,,
Ford,2020 Ford F-350 Super Duty,Lariat 4dr Crew Cab LB (6.2L 8cyl 10A),,$500,$500,,,,,,,,,,,,,,,,
Ford,2020 Ford F-350 Super Duty,XL 4dr SuperCab 4WD SB (6.2L 8cyl 10A),,$500,$500,,,,,,,,,,,,,,,,
Ford,2020 Ford F-350 Super Duty,Limited 4dr Crew Cab 4WD LB (6.7L 8cyl Turbodiesel 10A),,$500,$500,,,,,,,,,,,,,,,,
Ford,2020 Ford F-350 Super Duty,King Ranch 4dr Crew Cab 4WD LB (6.2L 8cyl 10A),,$500,$500,,,,,,,,,,,,,,,,
Ford,2020 Ford F-350 Super Duty,XLT 4dr Crew Cab SB (6.2L 8cyl 10A),,$500,$500,,,,,,,,,,,,,,,,
Ford,2020 Ford F-350 Super Duty,Lariat 4dr Crew Cab SB (6.2L 8cyl 10A),,$500,$500,,,,,,,,,,,,,,,,
Ford,2020 Ford F-350 Super Duty,King Ranch 4dr Crew Cab SB (6.2L 8cyl 10A),,$500,$500,,,,,,,,,,,,,,,,
Ford,2020 Ford F-350 Super Duty,Platinum 4dr Crew Cab 4WD LB (6.2L 8cyl 10A),,$500,$500,,,,,,,,,,,,,,,,
Ford,2020 Ford F-350 Super Duty,XLT 4dr Crew Cab LB (6.2L 8cyl 10A),,$500,$500,,,,,,,,,,,,,,,,
Ford,2020 Ford F-350 Super Duty,King Ranch 4dr Crew Cab LB (6.2L 8cyl 10A),,$500,$500,,,,,,,,,,,,,,,,
Ford,2020 Ford F-350 Super Duty,XL 4dr Crew Cab LB (6.2L 8cyl 10A),,$500,$500,,,,,,,,,,,,,,,,
Ford,2020 Ford F-350 Super Duty,XL 4dr Crew Cab SB (6.2L 8cyl 10A),,$500,$500,,,,,,,,,,,,,,,,
Ford,2020 Ford F-350 Super Duty,XLT 2dr Regular Cab 4WD LB (6.2L 8cyl 10A),,$500,$500,,,,,,,,,,,,,,,,
Ford,2020 Ford F-350 Super Duty,XLT 4dr SuperCab LB (6.2L 8cyl 10A),,$500,$500,,,,,,,,,,,,,,,,
Ford,2020 Ford F-350 Super Duty,XLT 2dr Regular Cab LB (6.2L 8cyl 10A),,$500,$500,,,,,,,,,,,,,,,,
Ford,2020 Ford F-350 Super Duty,XL 2dr Regular Cab LB (6.2L 8cyl 10A),,$500,$500,,,,,,,,,,,,,,,,
Ford,2020 Ford F-350 Super Duty,Lariat 4dr SuperCab LB (6.2L 8cyl 10A),,$500,$500,,,,,,,,,,,,,,,,
Ford,2020 Ford F-350 Super Duty,XL 4dr SuperCab LB (6.2L 8cyl 10A),,$500,$500,,,,,,,,,,,,,,,,
Ford,2020 Ford F-350 Super Duty,Lariat 4dr SuperCab 4WD LB (6.2L 8cyl 10A),,$500,$500,,,,,,,,,,,,,,,,
Ford,2020 Ford F-350 Super Duty,XLT 4dr SuperCab 4WD LB (6.2L 8cyl 10A),,$500,$500,,,,,,,,,,,,,,,,
Ford,2020 Ford F-350 Super Duty,Lariat 4dr SuperCab 4WD SB (6.2L 8cyl 10A),,$500,$500,,,,,,,,,,,,,,,,
Ford,2020 Ford F-350 Super Duty,XLT 4dr SuperCab SB (6.2L 8cyl 10A),,$500,$500,,,,,,,,,,,,,,,,
Ford,2020 Ford F-350 Super Duty,Lariat 4dr SuperCab SB (6.2L 8cyl 10A),,$500,$500,,,,,,,,,,,,,,,,
Ford,2020 Ford F-150,XLT 4dr SuperCrew 4WD 5.5 ft. SB (3.3L 6cyl 6A),,$500,$500,$500,"$3,750","$1,750",,,,,,,"$1,500",,$500,,,,
Ford,2020 Ford F-150,XL 4dr SuperCrew 4WD 6.5 ft. SB (5.0L 8cyl 10A),,$500,$500,$500,"$3,750","$1,750",,,,,,,"$1,500",,$500,,,,
Ford,2020 Ford F-150,XL 4dr SuperCrew 5.5 ft. SB (3.3L 6cyl 6A),,$500,$500,$500,"$3,750","$1,750",,,,,,,"$1,500",,$500,,,,
Ford,2020 Ford F-150,Lariat 4dr SuperCrew 4WD 5.5 ft. SB (2.7L 6cyl Turbo 10A),,$500,$500,$500,"$3,750","$1,750",,,,,,,"$1,500",,$500,,,,
Ford,2020 Ford F-150,XL 4dr SuperCrew 4WD 5.5 ft. SB (3.3L 6cyl 6A),,$500,$500,$500,"$3,750","$1,750",,,,,,,"$1,500",,$500,,,,
Ford,2020 Ford F-150,Raptor 4dr SuperCrew 4WD (3.5L 6cyl Turbo 10A),,$500,$500,$500,"$3,750","$1,750",,,,,,,"$1,500",,$500,,,,
Ford,2020 Ford F-150,XLT 4dr SuperCrew 5.5 ft. SB (3.3L 6cyl 6A),,$500,$500,$500,"$3,750","$1,750",,,,,,,"$1,500",,$500,,,,
Ford,2020 Ford F-150,XL 4dr SuperCab 4WD 6.5 ft. SB (3.3L 6cyl 6A),,$500,$500,$500,"$3,750","$1,750",,,,,,,"$1,500",,$500,,,,
Ford,2020 Ford F-150,XLT 4dr SuperCab 4WD 6.5 ft. SB (3.3L 6cyl 6A),,$500,$500,$500,"$3,750","$1,750",,,,,,,"$1,500",,$500,,,,
Ford,2020 Ford F-150,XLT 4dr SuperCrew 4WD 6.5 ft. SB (5.0L 8cyl 10A),,$500,$500,$500,"$3,750","$1,750",,,,,,,"$1,500",,$500,,,,
Ford,2020 Ford F-150,King Ranch 4dr SuperCrew 4WD 5.5 ft. SB (5.0L 8cyl 10A),,$500,$500,$500,"$3,750","$1,750",,,,,,,"$1,500",,$500,,,,
Ford,2020 Ford F-150,Platinum 4dr SuperCrew 4WD 5.5 ft. SB (5.0L 8cyl 10A),,$500,$500,$500,"$3,750","$1,750",,,,,,,"$1,500",,$500,,,,
Ford,2020 Ford F-150,XL 4dr SuperCab 6.5 ft. SB (3.3L 6cyl 6A),,$500,$500,$500,"$3,750","$1,750",,,,,,,"$1,500",,$500,,,,
Ford,2020 Ford F-150,Lariat 4dr SuperCab 4WD 8 ft. LB (5.0L 8cyl 10A),,$500,$500,$500,"$3,750","$1,750",,,,,,,"$1,500",,$500,,,,
Ford,2020 Ford F-150,XL 2dr Regular Cab 6.5 ft. SB (3.3L 6cyl 6A),,$500,$500,$500,"$3,750","$1,750",,,,,,,"$1,500",,$500,,,,
Ford,2020 Ford F-150,Lariat 4dr SuperCrew 4WD 6.5 ft. SB (5.0L 8cyl 10A),,$500,$500,$500,"$3,750","$1,750",,,,,,,"$1,500",,$500,,,,
Ford,2020 Ford F-150,Limited 4dr SuperCrew 4WD 5.5 ft. SB (3.5L 6cyl Turbo 10A),,$500,$500,$500,"$3,750","$1,750",,,,,,,"$1,500",,$500,,,,
Ford,2020 Ford F-150,Lariat 4dr SuperCrew 5.5 ft. SB (2.7L 6cyl Turbo 10A),,$500,$500,$500,"$3,750","$1,750",,,,,,,"$1,500",,$500,,,,
Ford,2020 Ford F-150,XL 2dr Regular Cab 8 ft. LB (3.3L 6cyl 6A),,$500,$500,$500,"$3,750","$1,750",,,,,,,"$1,500",,$500,,,,
Ford,2020 Ford F-150,Raptor 4dr SuperCab 4WD (3.5L 6cyl Turbo 10A),,$500,$500,$500,"$3,750","$1,750",,,,,,,"$1,500",,$500,,,,
Ford,2020 Ford F-150,Lariat 4dr SuperCab 4WD 6.5 ft. SB (2.7L 6cyl Turbo 10A),,$500,$500,$500,"$3,750","$1,750",,,,,,,"$1,500",,$500,,,,
Ford,2020 Ford F-150,XL 2dr Regular Cab 4WD 6.5 ft. SB (3.3L 6cyl 6A),,$500,$500,$500,"$3,750","$1,750",,,,,,,"$1,500",,$500,,,,
Ford,2020 Ford F-150,XLT 2dr Regular Cab 4WD 8 ft. LB (3.3L 6cyl 6A),,$500,$500,$500,"$3,750","$1,750",,,,,,,"$1,500",,$500,,,,
Ford,2020 Ford F-150,XL 2dr Regular Cab 4WD 8 ft. LB (3.3L 6cyl 6A),,$500,$500,$500,"$3,750","$1,750",,,,,,,"$1,500",,$500,,,,
Ford,2020 Ford F-150,XL 4dr SuperCab 4WD 8 ft. LB (5.0L 8cyl 10A),,$500,$500,$500,"$3,750","$1,750",,,,,,,"$1,500",,$500,,,,
Ford,2020 Ford F-150,XLT 4dr SuperCab 4WD 8 ft. LB (5.0L 8cyl 10A),,$500,$500,$500,"$3,750","$1,750",,,,,,,"$1,500",,$500,,,,
Ford,2020 Ford F-150,XLT 4dr SuperCab 6.5 ft. SB (3.3L 6cyl 6A),,$500,$500,$500,"$3,750","$1,750",,,,,,,"$1,500",,$500,,,,
Ford,2020 Ford F-150,Limited 4dr SuperCrew 5.5 ft. SB (3.5L 6cyl Turbo 10A),,$500,$500,$500,"$3,750","$1,750",,,,,,,"$1,500",,$500,,,,
Ford,2020 Ford F-150,XL 4dr SuperCrew 6.5 ft. SB (2.7L 6cyl Turbo 10A),,$500,$500,$500,"$3,750","$1,750",,,,,,,"$1,500",,$500,,,,
Ford,2020 Ford F-150,Platinum 4dr SuperCrew 6.5 ft. SB (5.0L 8cyl 10A),,$500,$500,$500,"$3,750","$1,750",,,,,,,"$1,500",,$500,,,,
Ford,2020 Ford F-150,Lariat 4dr SuperCrew 6.5 ft. SB (2.7L 6cyl Turbo 10A),,$500,$500,$500,"$3,750","$1,750",,,,,,,"$1,500",,$500,,,,
Ford,2020 Ford F-150,Platinum 4dr SuperCrew 4WD 6.5 ft. SB (5.0L 8cyl 10A),,$500,$500,$500,"$3,750","$1,750",,,,,,,"$1,500",,$500,,,,
Ford,2020 Ford F-150,King Ranch 4dr SuperCrew 6.5 ft. SB (5.0L 8cyl 10A),,$500,$500,$500,"$3,750","$1,750",,,,,,,"$1,500",,$500,,,,
Ford,2020 Ford F-150,Platinum 4dr SuperCrew 5.5 ft. SB (5.0L 8cyl 10A),,$500,$500,$500,"$3,750","$1,750",,,,,,,"$1,500",,$500,,,,
Ford,2020 Ford F-150,XLT 2dr Regular Cab 8 ft. LB (3.3L 6cyl 6A),,$500,$500,$500,"$3,750","$1,750",,,,,,,"$1,500",,$500,,,,
Ford,2020 Ford F-150,XL 4dr SuperCab 8 ft. LB (2.7L 6cyl Turbo 10A),,$500,$500,$500,"$3,750","$1,750",,,,,,,"$1,500",,$500,,,,
Ford,2020 Ford F-150,Lariat 4dr SuperCab 6.5 ft. SB (2.7L 6cyl Turbo 10A),,$500,$500,$500,"$3,750","$1,750",,,,,,,"$1,500",,$500,,,,
Ford,2020 Ford F-150,King Ranch 4dr SuperCrew 4WD 6.5 ft. SB (5.0L 8cyl 10A),,$500,$500,$500,"$3,750","$1,750",,,,,,,"$1,500",,$500,,,,
Ford,2020 Ford F-150,Lariat 4dr SuperCab 8 ft. LB (2.7L 6cyl Turbo 10A),,$500,$500,$500,"$3,750","$1,750",,,,,,,"$1,500",,$500,,,,
Ford,2020 Ford F-150,King Ranch 4dr SuperCrew 5.5 ft. SB (5.0L 8cyl 10A),,$500,$500,$500,"$3,750","$1,750",,,,,,,"$1,500",,$500,,,,
Ford,2020 Ford F-150,XLT 4dr SuperCrew 6.5 ft. SB (2.7L 6cyl Turbo 10A),,$500,$500,$500,"$3,750","$1,750",,,,,,,"$1,500",,$500,,,,
Ford,2020 Ford F-150,XLT 2dr Regular Cab 4WD 6.5 ft. SB (3.3L 6cyl 6A),,$500,$500,$500,"$3,750","$1,750",,,,,,,"$1,500",,$500,,,,
Ford,2020 Ford F-150,XLT 2dr Regular Cab 6.5 ft. SB (3.3L 6cyl 6A),,$500,$500,$500,"$3,750","$1,750",,,,,,,"$1,500",,$500,,,,
Ford,2020 Ford F-150,XLT 4dr SuperCab 8 ft. LB (2.7L 6cyl Turbo 10A),,$500,$500,$500,"$3,750","$1,750",,,,,,,"$1,500",,$500,,,,
Ford,2020 Ford Ranger,XLT 4dr Crew Cab 4WD SB (2.3L 4cyl Turbo 10A),,$500,$500,,,,,,,,,,,,$500,,,,
Ford,2020 Ford Ranger,Lariat 4dr Crew Cab 4WD SB (2.3L 4cyl Turbo 10A),,$500,$500,,,,,,,,,,,,$500,,,,
Ford,2020 Ford Ranger,XLT 4dr Crew Cab SB (2.3L 4cyl Turbo 10A),,$500,$500,,,,,,,,,,,,$500,,,,
Ford,2020 Ford Ranger,XL 4dr SuperCab SB (2.3L 4cyl Turbo 10A),,$500,$500,,,,,,,,,,,,$500,,,,
Ford,2020 Ford Ranger,XL 4dr Crew Cab 4WD SB (2.3L 4cyl Turbo 10A),,$500,$500,,,,,,,,,,,,$500,,,,
Ford,2020 Ford Ranger,XL 4dr Crew Cab SB (2.3L 4cyl Turbo 10A),,$500,$500,,,,,,,,,,,,$500,,,,
Ford,2020 Ford Ranger,XL 4dr SuperCab 4WD SB (2.3L 4cyl Turbo 10A),,$500,$500,,,,,,,,,,,,$500,,,,
Ford,2020 Ford Ranger,XLT 4dr SuperCab 4WD SB (2.3L 4cyl Turbo 10A),,$500,$500,,,,,,,,,,,,$500,,,,
Ford,2020 Ford Ranger,Lariat 4dr Crew Cab SB (2.3L 4cyl Turbo 10A),,$500,$500,,,,,,,,,,,,$500,,,,
Ford,2020 Ford Ranger,XLT 4dr SuperCab SB (2.3L 4cyl Turbo 10A),,$500,$500,,,,,,,,,,,,$500,,,,
Ford,2020 Ford Ranger,Lariat 4dr SuperCab 4WD SB (2.3L 4cyl Turbo 10A),,$500,$500,,,,,,,,,,,,$500,,,,
Ford,2020 Ford Ranger,Lariat 4dr SuperCab SB (2.3L 4cyl Turbo 10A),,$500,$500,,,,,,,,,,,,$500,,,,
Ford,2020 Ford Edge,SEL 4dr SUV AWD (2.0L 4cyl Turbo 8A),,$500,$500,"$2,750",,,,,,,,,"$3,250",,$500,,,,
Ford,2020 Ford Edge,SEL 4dr SUV (2.0L 4cyl Turbo 8A),,$500,$500,"$2,750",,,,,,,,,"$3,250",,$500,,,,
Ford,2020 Ford Edge,Titanium 4dr SUV AWD (2.0L 4cyl Turbo 8A),,$500,$500,"$2,750",,,,,,,,,"$3,250",,$500,,,,
Ford,2020 Ford Edge,Titanium 4dr SUV (2.0L 4cyl Turbo 8A),,$500,$500,"$2,750",,,,,,,,,"$3,250",,$500,,,,
Ford,2020 Ford Edge,ST 4dr SUV AWD (2.7L 6cyl Turbo 8A),,$500,$500,"$2,750",,,,,,,,,"$3,250",,$500,,,,
Ford,2020 Ford Edge,SE 4dr SUV (2.0L 4cyl Turbo 8A),,$500,$500,"$2,750",,,,,,,,,"$3,250",,$500,,,,
Ford,2020 Ford Edge,SE 4dr SUV AWD (2.0L 4cyl Turbo 8A),,$500,$500,"$2,750",,,,,,,,,"$3,250",,$500,,,,
Ford,2020 Ford Edge,ST-Line 4dr SUV (2.0L 4cyl Turbo 8A),,$500,$500,"$2,750",,,,,,,,,"$3,250",,$500,,,,
Ford,2020 Ford Edge,ST-Line 4dr SUV AWD (2.0L 4cyl Turbo 8A),,$500,$500,"$2,750",,,,,,,,,"$3,250",,$500,,,,
Ford,2020 Ford Fusion Plug-In Hybrid,Titanium 4dr Sedan (2.0L 4cyl gas/electric hybrid CVT),,$500,$500,,,,,,,,,,,,$500,,,,
Ford,2020 Ford Shelby GT350,2dr Coupe (5.2L 8cyl 6M),,,,,,,,,,,,,,,,,,,
Ford,2020 Ford Shelby GT350,R 2dr Coupe (5.2L 8cyl 6M),,,,,,,,,,,,,,,,,,,
Ford,2020 Ford Expedition,XLT 4dr SUV (3.5L 6cyl Turbo 10A),,$500,$500,"$1,250",,,,,,"$2,000",,,,,,,,,
Ford,2020 Ford Expedition,XLT 4dr SUV 4WD (3.5L 6cyl Turbo 10A),,$500,$500,"$1,250",,,,,,"$2,000",,,,,,,,,
Ford,2020 Ford Expedition,MAX Limited 4dr SUV 4WD (3.5L 6cyl Turbo 10A),,$500,$500,"$1,250",,,,,,"$2,000",,,,,,,,,
Ford,2020 Ford Expedition,MAX XLT 4dr SUV 4WD (3.5L 6cyl Turbo 10A),,$500,$500,"$1,250",,,,,,"$2,000",,,,,,,,,
Ford,2020 Ford Expedition,Limited 4dr SUV 4WD (3.5L 6cyl Turbo 10A),,$500,$500,"$1,250",,,,,,"$2,000",,,,,,,,,
Ford,2020 Ford Expedition,MAX XLT 4dr SUV (3.5L 6cyl Turbo 10A),,$500,$500,"$1,250",,,,,,"$2,000",,,,,,,,,
Ford,2020 Ford Expedition,Limited 4dr SUV (3.5L 6cyl Turbo 10A),,$500,$500,"$1,250",,,,,,"$2,000",,,,,,,,,
Ford,2020 Ford Expedition,MAX Platinum 4dr SUV 4WD (3.5L 6cyl Turbo 10A),,$500,$500,"$1,250",,,,,,"$2,000",,,,,,,,,
Ford,2020 Ford Expedition,Platinum 4dr SUV 4WD (3.5L 6cyl Turbo 10A),,$500,$500,"$1,250",,,,,,"$2,000",,,,,,,,,
Ford,2020 Ford Expedition,MAX Limited 4dr SUV (3.5L 6cyl Turbo 10A),,$500,$500,"$1,250",,,,,,"$2,000",,,,,,,,,
Ford,2020 Ford Expedition,Platinum 4dr SUV (3.5L 6cyl Turbo 10A),,$500,$500,"$1,250",,,,,,"$2,000",,,,,,,,,
Ford,2020 Ford Expedition,King Ranch 4dr SUV 4WD (3.5L 6cyl Turbo 10A),,$500,$500,"$1,250",,,,,,"$2,000",,,,,,,,,
Ford,2020 Ford Expedition,King Ranch 4dr SUV (3.5L 6cyl Turbo 10A),,$500,$500,"$1,250",,,,,,"$2,000",,,,,,,,,
Ford,2020 Ford Expedition,MAX King Ranch 4dr SUV (3.5L 6cyl Turbo 10A),,$500,$500,"$1,250",,,,,,"$2,000",,,,,,,,,
Ford,2020 Ford Expedition,MAX Platinum 4dr SUV (3.5L 6cyl Turbo 10A),,$500,$500,"$1,250",,,,,,"$2,000",,,,,,,,,
Ford,2020 Ford Expedition,MAX King Ranch 4dr SUV 4WD (3.5L 6cyl Turbo 10A),,$500,$500,"$1,250",,,,,,"$2,000",,,,,,,,,
Ford,2020 Ford Expedition,XL Fleet 4dr SUV (3.5L 6cyl Turbo 10A),,$500,$500,"$1,250",,,,,,"$2,000",,,,,,,,,
Ford,2020 Ford Expedition,MAX XL Fleet 4dr SUV 4WD (3.5L 6cyl Turbo 10A),,$500,$500,"$1,250",,,,,,"$2,000",,,,,,,,,
Ford,2020 Ford Expedition,MAX XL Fleet 4dr SUV (3.5L 6cyl Turbo 10A),,$500,$500,"$1,250",,,,,,"$2,000",,,,,,,,,
Ford,2020 Ford Expedition,XL Fleet 4dr SUV 4WD (3.5L 6cyl Turbo 10A),,$500,$500,"$1,250",,,,,,"$2,000",,,,,,,,,
Ford,2020 Ford Mustang,EcoBoost 2dr Coupe (2.3L 4cyl Turbo 6M),,$500,$500,"$2,000",,,,,,,,,,,$500,,,,
Ford,2020 Ford Mustang,GT Premium 2dr Coupe (5.0L 8cyl 6M),,$500,$500,"$2,000",,,,,,,,,,,$500,,,,
Ford,2020 Ford Mustang,GT 2dr Coupe (5.0L 8cyl 6M),,$500,$500,"$2,000",,,,,,,,,,,$500,,,,
Ford,2020 Ford Mustang,EcoBoost Premium 2dr Coupe (2.3L 4cyl Turbo 6M),,$500,$500,"$2,000",,,,,,,,,,,$500,,,,
Ford,2020 Ford Mustang,EcoBoost Premium 2dr Convertible (2.3L 4cyl Turbo 6M),,$500,$500,"$2,000",,,,,,,,,,,$500,,,,
Ford,2020 Ford Mustang,EcoBoost 2dr Convertible (2.3L 4cyl Turbo 6M),,$500,$500,"$2,000",,,,,,,,,,,$500,,,,
Ford,2020 Ford Mustang,GT Premium 2dr Convertible (5.0L 8cyl 6M),,$500,$500,"$2,000",,,,,,,,,,,$500,,,,
Ford,2020 Ford Mustang,BULLITT 2dr Coupe (5.0L 8cyl 6M),,$500,$500,"$2,000",,,,,,,,,,,$500,,,,
Ford,2020 Ford Fusion,SE 4dr Sedan (1.5L 4cyl Turbo 6A),,$500,$500,,,,,,,,,,,,$500,,,,
Ford,2020 Ford Fusion,S 4dr Sedan (2.5L 4cyl 6A),,$500,$500,,,,,,,,,,,,$500,,,,
Ford,2020 Ford Fusion,SE 4dr Sedan AWD (2.0L 4cyl Turbo 6A),,$500,$500,,,,,,,,,,,,$500,,,,
Ford,2020 Ford Fusion,SEL 4dr Sedan (1.5L 4cyl Turbo 6A),,$500,$500,,,,,,,,,,,,$500,,,,
Ford,2020 Ford Fusion,Titanium 4dr Sedan AWD (2.0L 4cyl Turbo 6A),,$500,$500,,,,,,,,,,,,$500,,,,
Ford,2020 Ford Fusion,Titanium 4dr Sedan (2.0L 4cyl Turbo 6A),,$500,$500,,,,,,,,,,,,$500,,,,
Ford,2020 Ford EcoSport,SE 4dr SUV (1.0L 3cyl Turbo 6A),,$500,$500,,,,,,,,,,,,$500,,,,
Ford,2020 Ford EcoSport,SE 4dr SUV AWD (2.0L 4cyl 6A),,$500,$500,,,,,,,,,,,,$500,,,,
Ford,2020 Ford EcoSport,S 4dr SUV (1.0L 3cyl Turbo 6A),,$500,$500,,,,,,,,,,,,$500,,,,
Ford,2020 Ford EcoSport,S 4dr SUV AWD (2.0L 4cyl 6A),,$500,$500,,,,,,,,,,,,$500,,,,
Ford,2020 Ford EcoSport,SES 4dr SUV AWD (2.0L 4cyl 6A),,$500,$500,,,,,,,,,,,,$500,,,,
Ford,2020 Ford EcoSport,Titanium 4dr SUV AWD (2.0L 4cyl 6A),,$500,$500,,,,,,,,,,,,$500,,,,
Ford,2020 Ford EcoSport,Titanium 4dr SUV (1.0L 3cyl Turbo 6A),,$500,$500,,,,,,,,,,,,$500,,,,
Ford,2020 Ford Transit Connect,Cargo Van XL 4dr Minivan w/Rear 180 Degree Doors LWB (2.0L 4cyl 8A),,$500,$500,,,,,,,,,,,,,,,,
Ford,2020 Ford Transit Connect,Cargo Van XL 4dr Minivan w/Rear 180 Degree Doors SWB (2.0L 4cyl 8A),,$500,$500,,,,,,,,,,,,,,,,
Ford,2020 Ford Transit Connect,Cargo Van XLT 4dr Minivan w/Rear 180 Degree Doors LWB (2.0L 4cyl 8A),,$500,$500,,,,,,,,,,,,,,,,
Ford,2020 Ford Transit Connect,Wagon XLT 4dr Minivan w/Rear Liftgate LWB (2.0L 4cyl 8A),,$500,$500,,,,,,,,,,,,,,,,
Ford,2020 Ford Transit Connect,Wagon XL 4dr Minivan w/Rear 180 Degree Doors LWB (2.0L 4cyl 8A),,$500,$500,,,,,,,,,,,,,,,,
Ford,2020 Ford Transit Connect,Wagon XLT 4dr Minivan w/Rear 180 Degree Doors LWB (2.0L 4cyl 8A),,$500,$500,,,,,,,,,,,,,,,,
Ford,2020 Ford Transit Connect,"Wagon XLT 4dr Minivan w/Rear Liftgate SWB, Prod. End 06/19 (1.5L 4cyl Turbodiesel 8A)",,$500,$500,,,,,,,,,,,,,,,,
Ford,2020 Ford Transit Connect,"Wagon XLT 4dr Minivan w/Rear 180 Degree Doors SWB, Prod. End 06/19 (1.5L 4cyl Turbodiesel 8A)",,$500,$500,,,,,,,,,,,,,,,,
Ford,2020 Ford Transit Connect,Cargo Van XLT 4dr Minivan w/Rear Liftgate LWB (2.0L 4cyl 8A),,$500,$500,,,,,,,,,,,,,,,,
Ford,2020 Ford Transit Connect,Wagon XL 4dr Minivan w/Rear Liftgate LWB (2.0L 4cyl 8A),,$500,$500,,,,,,,,,,,,,,,,
Ford,2020 Ford Transit Connect,Cargo Van XLT 4dr Minivan w/Rear Liftgate SWB (2.0L 4cyl 8A),,$500,$500,,,,,,,,,,,,,,,,
Ford,2020 Ford Transit Connect,Wagon Titanium SWB 4dr Minivan w/Prod. End 06/19 (1.5L 4cyl Turbodiesel 8A),,$500,$500,,,,,,,,,,,,,,,,
Ford,2020 Ford Transit Connect,Wagon Titanium LWB 4dr Minivan (2.0L 4cyl 8A),,$500,$500,,,,,,,,,,,,,,,,
Ford,2020 Ford Transit Connect,Cargo Van XL 4dr Minivan w/Rear Liftgate LWB (2.0L 4cyl 8A),,$500,$500,,,,,,,,,,,,,,,,
Ford,2020 Ford Transit Connect,Cargo Van XLT 4dr Minivan w/Rear 180 Degree Doors SWB (2.0L 4cyl 8A),,$500,$500,,,,,,,,,,,,,,,,
Ford,2020 Ford Transit Connect,Cargo Van XL 4dr Minivan w/Rear Liftgate SWB (2.0L 4cyl 8A),,$500,$500,,,,,,,,,,,,,,,,
Ford,2020 Ford Fusion Hybrid,SE 4dr Sedan (2.0L 4cyl gas/electric hybrid CVT),,$500,$500,,,,,,,,,,,,$500,,,,
Ford,2020 Ford Fusion Hybrid,SEL 4dr Sedan (2.0L 4cyl gas/electric hybrid CVT),,$500,$500,,,,,,,,,,,,$500,,,,
Ford,2020 Ford Fusion Hybrid,Titanium 4dr Sedan (2.0L 4cyl gas/electric hybrid CVT),,$500,$500,,,,,,,,,,,,$500,,,,
Ford,2020 Ford Escape,SE 4dr SUV AWD (1.5L 3cyl Turbo 8A),,$500,$500,$750,"$1,500",,,,,,,,"$1,000",,$500,,,,
Ford,2020 Ford Escape,SE 4dr SUV (1.5L 3cyl Turbo 8A),,$500,$500,$750,"$1,500",,,,,,,,"$1,000",,$500,,,,
Ford,2020 Ford Escape,SEL 4dr SUV (1.5L 3cyl Turbo 8A),,$500,$500,$750,"$1,500",,,,,,,,"$1,000",,$500,,,,
Ford,2020 Ford Escape,Titanium 4dr SUV AWD (2.0L 4cyl Turbo 8A),,$500,$500,$750,"$1,500",,,,,,,,"$1,000",,$500,,,,
Ford,2020 Ford Escape,SEL 4dr SUV AWD (1.5L 3cyl Turbo 8A),,$500,$500,$750,"$1,500",,,,,,,,"$1,000",,$500,,,,
Ford,2020 Ford Escape,SEL 4dr SUV AWD (2.0L 4cyl Turbo 8A),,$500,$500,$750,"$1,500",,,,,,,,"$1,000",,$500,,,,
Ford,2020 Ford Escape,Titanium 4dr SUV AWD (2.5L 4cyl gas/electric hybrid EVT),,$500,$500,$750,"$1,500",,,,,,,,"$1,000",,$500,,,,
Ford,2020 Ford Escape,Titanium 4dr SUV (2.5L 4cyl gas/electric hybrid EVT),,$500,$500,$750,"$1,500",,,,,,,,"$1,000",,$500,,,,
Ford,2020 Ford Escape,S 4dr SUV (1.5L 3cyl Turbo 8A),,$500,$500,$750,"$1,500",,,,,,,,"$1,000",,$500,,,,
Ford,2020 Ford Escape,SE Sport 4dr SUV AWD (2.5L 4cyl gas/electric hybrid EVT),,$500,$500,$750,"$1,500",,,,,,,,"$1,000",,$500,,,,
Ford,2020 Ford Escape,S 4dr SUV AWD (1.5L 3cyl Turbo 8A),,$500,$500,$750,"$1,500",,,,,,,,"$1,000",,$500,,,,
Ford,2020 Ford Escape,SE Sport 4dr SUV (2.5L 4cyl gas/electric hybrid EVT),,$500,$500,$750,"$1,500",,,,,,,,"$1,000",,$500,,,,
Ford,2020 Ford Shelby GT500,2dr Coupe (5.2L 8cyl S/C 7AM),,,,,,,,,,,,,,,,,,,
Ford,2021 Ford Escape Plug-In Hybrid,SE 4dr SUV (2.5L 4cyl gas/electric hybrid EVT),,,,"$6,840",,,,,,,,,,,,,,,
Ford,2021 Ford Escape Plug-In Hybrid,SEL 4dr SUV (2.5L 4cyl gas/electric hybrid EVT),,,,"$6,840",,,,,,,,,,,,,,,
Ford,2021 Ford Escape Plug-In Hybrid,Titanium 4dr SUV (2.5L 4cyl gas/electric hybrid EVT),,,,"$6,840",,,,,,,,,,,,,,,
Ford,2020 Ford F-250 Super Duty,Limited 4dr Crew Cab 4WD LB (6.7L 8cyl Turbodiesel 10A),,$500,$500,,,,,,,,,,,,,,,,
Ford,2020 Ford F-250 Super Duty,Lariat 4dr Crew Cab 4WD SB (6.2L 8cyl 6A),,$500,$500,,,,,,,,,,,,,,,,
Ford,2020 Ford F-250 Super Duty,XLT 4dr Crew Cab 4WD SB (6.2L 8cyl 6A),,$500,$500,,,,,,,,,,,,,,,,
Ford,2020 Ford F-250 Super Duty,XL 4dr Crew Cab 4WD SB (6.2L 8cyl 6A),,$500,$500,,,,,,,,,,,,,,,,
Ford,2020 Ford F-250 Super Duty,Platinum 4dr Crew Cab 4WD SB (6.2L 8cyl 6A),,$500,$500,,,,,,,,,,,,,,,,
Ford,2020 Ford F-250 Super Duty,Lariat 4dr SuperCab SB (6.2L 8cyl 6A),,$500,$500,,,,,,,,,,,,,,,,
Ford,2020 Ford F-250 Super Duty,King Ranch 4dr Crew Cab 4WD SB (6.2L 8cyl 6A),,$500,$500,,,,,,,,,,,,,,,,
Ford,2020 Ford F-250 Super Duty,XL 4dr Crew Cab 4WD LB (6.2L 8cyl 6A),,$500,$500,,,,,,,,,,,,,,,,
Ford,2020 Ford F-250 Super Duty,King Ranch 4dr Crew Cab SB (6.2L 8cyl 6A),,$500,$500,,,,,,,,,,,,,,,,
Ford,2020 Ford F-250 Super Duty,XLT 4dr Crew Cab 4WD LB (6.2L 8cyl 6A),,$500,$500,,,,,,,,,,,,,,,,
Ford,2020 Ford F-250 Super Duty,XLT 4dr SuperCab 4WD SB (6.2L 8cyl 6A),,$500,$500,,,,,,,,,,,,,,,,
Ford,2020 Ford F-250 Super Duty,XL 2dr Regular Cab 4WD LB (6.2L 8cyl 6A),,$500,$500,,,,,,,,,,,,,,,,
Ford,2020 Ford F-250 Super Duty,Lariat 4dr Crew Cab 4WD LB (6.2L 8cyl 6A),,$500,$500,,,,,,,,,,,,,,,,
Ford,2020 Ford F-250 Super Duty,XL 4dr SuperCab 4WD LB (6.2L 8cyl 6A),,$500,$500,,,,,,,,,,,,,,,,
Ford,2020 Ford F-250 Super Duty,XL 2dr Regular Cab LB (6.2L 8cyl 6A),,$500,$500,,,,,,,,,,,,,,,,
Ford,2020 Ford F-250 Super Duty,Lariat 4dr SuperCab 4WD SB (6.2L 8cyl 6A),,$500,$500,,,,,,,,,,,,,,,,
Ford,2020 Ford F-250 Super Duty,Lariat 4dr Crew Cab LB (6.2L 8cyl 6A),,$500,$500,,,,,,,,,,,,,,,,
Ford,2020 Ford F-250 Super Duty,XLT 2dr Regular Cab 4WD LB (6.2L 8cyl 6A),,$500,$500,,,,,,,,,,,,,,,,
Ford,2020 Ford F-250 Super Duty,XL 4dr SuperCab SB (6.2L 8cyl 6A),,$500,$500,,,,,,,,,,,,,,,,
Ford,2020 Ford F-250 Super Duty,XL 4dr SuperCab 4WD SB (6.2L 8cyl 6A),,$500,$500,,,,,,,,,,,,,,,,
Ford,2020 Ford F-250 Super Duty,XLT 2dr Regular Cab LB (6.2L 8cyl 6A),,$500,$500,,,,,,,,,,,,,,,,
Ford,2020 Ford F-250 Super Duty,XL 4dr SuperCab LB (6.2L 8cyl 6A),,$500,$500,,,,,,,,,,,,,,,,
Ford,2020 Ford F-250 Super Duty,XLT 4dr Crew Cab LB (6.2L 8cyl 6A),,$500,$500,,,,,,,,,,,,,,,,
Ford,2020 Ford F-250 Super Duty,King Ranch 4dr Crew Cab LB (6.2L 8cyl 6A),,$500,$500,,,,,,,,,,,,,,,,
Ford,2020 Ford F-250 Super Duty,Lariat 4dr SuperCab 4WD LB (6.2L 8cyl 6A),,$500,$500,,,,,,,,,,,,,,,,
Ford,2020 Ford F-250 Super Duty,XL 4dr Crew Cab LB (6.2L 8cyl 6A),,$500,$500,,,,,,,,,,,,,,,,
Ford,2020 Ford F-250 Super Duty,XLT 4dr SuperCab SB (6.2L 8cyl 6A),,$500,$500,,,,,,,,,,,,,,,,
Ford,2020 Ford F-250 Super Duty,XLT 4dr SuperCab LB (6.2L 8cyl 6A),,$500,$500,,,,,,,,,,,,,,,,
Ford,2020 Ford F-250 Super Duty,Lariat 4dr Crew Cab SB (6.2L 8cyl 6A),,$500,$500,,,,,,,,,,,,,,,,
Ford,2020 Ford F-250 Super Duty,Limited 4dr Crew Cab 4WD SB (6.7L 8cyl Turbodiesel 10A),,$500,$500,,,,,,,,,,,,,,,,
Ford,2020 Ford F-250 Super Duty,XLT 4dr SuperCab 4WD LB (6.2L 8cyl 6A),,$500,$500,,,,,,,,,,,,,,,,
Ford,2020 Ford F-250 Super Duty,Platinum 4dr Crew Cab 4WD LB (6.2L 8cyl 6A),,$500,$500,,,,,,,,,,,,,,,,
Ford,2020 Ford F-250 Super Duty,XLT 4dr Crew Cab SB (6.2L 8cyl 6A),,$500,$500,,,,,,,,,,,,,,,,
Ford,2020 Ford F-250 Super Duty,Lariat 4dr SuperCab LB (6.2L 8cyl 6A),,$500,$500,,,,,,,,,,,,,,,,
Ford,2020 Ford F-250 Super Duty,King Ranch 4dr Crew Cab 4WD LB (6.2L 8cyl 6A),,$500,$500,,,,,,,,,,,,,,,,
Ford,2020 Ford F-250 Super Duty,XL 4dr Crew Cab SB (6.2L 8cyl 6A),,$500,$500,,,,,,,,,,,,,,,,
Ford,2021 Ford Bronco Sport,Badlands 4dr SUV AWD (2.0L 4cyl Turbo 8A),,,,,,,,,,,,,$500,,,,,,
Ford,2021 Ford Bronco Sport,Outer Banks 4dr SUV AWD (1.5L 3cyl Turbo 8A),,,,,,,,,,,,,$500,,,,,,
Ford,2021 Ford Bronco Sport,Big Bend 4dr SUV AWD (1.5L 3cyl Turbo 8A),,,,,,,,,,,,,$500,,,,,,
Ford,2021 Ford Bronco Sport,First Edition 4dr SUV AWD (2.0L 4cyl Turbo 8A),,,,,,,,,,,,,$500,,,,,,
Ford,2021 Ford Bronco Sport,4dr SUV AWD (1.5L 3cyl Turbo 8A),,,,,,,,,,,,,$500,,,,,,
Ford,2021 Ford Explorer,XLT 4dr SUV AWD (2.3L 4cyl Turbo 10A),,$500,$500,$750,"$1,500",,,,,,,,,,,,,,
Ford,2021 Ford Explorer,ST 4dr SUV AWD (3.0L 6cyl Turbo 10A),,$500,$500,$750,"$1,500",,,,,,,,,,,,,,
Ford,2021 Ford Explorer,XLT 4dr SUV (2.3L 4cyl Turbo 10A),,$500,$500,$750,"$1,500",,,,,,,,,,,,,,
Ford,2021 Ford Explorer,Platinum 4dr SUV AWD (3.0L 6cyl Turbo 10A),,$500,$500,$750,"$1,500",,,,,,,,,,,,,,
Ford,2021 Ford Explorer,Limited 4dr SUV AWD (2.3L 4cyl Turbo 10A),,$500,$500,$750,"$1,500",,,,,,,,,,,,,,
Ford,2021 Ford Explorer,4dr SUV AWD (2.3L 4cyl Turbo 10A),,$500,$500,$750,"$1,500",,,,,,,,,,,,,,
Ford,2021 Ford Explorer,4dr SUV (2.3L 4cyl Turbo 10A),,$500,$500,$750,"$1,500",,,,,,,,,,,,,,
Ford,2021 Ford Explorer,Limited 4dr SUV (2.3L 4cyl Turbo 10A),,$500,$500,$750,"$1,500",,,,,,,,,,,,,,
Ford,2021 Ford Explorer,Limited Hybrid 4dr SUV AWD (3.3L 6cyl gas/electric hybrid 10A),,$500,$500,$750,"$1,500",,,,,,,,,,,,,,
Ford,2021 Ford Explorer,Limited Hybrid 4dr SUV (3.3L 6cyl gas/electric hybrid 10A),,$500,$500,$750,"$1,500",,,,,,,,,,,,,,
Ford,2021 Ford Expedition,XL 4dr SUV (3.5L 6cyl Turbo 10A),,$500,$500,$500,,,,,,"$2,000",,,,,,,,,
Ford,2021 Ford Expedition,XLT 4dr SUV (3.5L 6cyl Turbo 10A),,$500,$500,$500,,,,,,"$2,000",,,,,,,,,
Ford,2021 Ford Expedition,Platinum 4dr SUV 4WD (3.5L 6cyl Turbo 10A),,$500,$500,$500,,,,,,"$2,000",,,,,,,,,
Ford,2021 Ford Expedition,Platinum 4dr SUV (3.5L 6cyl Turbo 10A),,$500,$500,$500,,,,,,"$2,000",,,,,,,,,
Ford,2021 Ford Expedition,MAX Platinum 4dr SUV 4WD (3.5L 6cyl Turbo 10A),,$500,$500,$500,,,,,,"$2,000",,,,,,,,,
Ford,2021 Ford Expedition,MAX Platinum 4dr SUV (3.5L 6cyl Turbo 10A),,$500,$500,$500,,,,,,"$2,000",,,,,,,,,
Ford,2021 Ford Expedition,MAX XLT 4dr SUV (3.5L 6cyl Turbo 10A),,$500,$500,$500,,,,,,"$2,000",,,,,,,,,
Ford,2021 Ford Expedition,XLT 4dr SUV 4WD (3.5L 6cyl Turbo 10A),,$500,$500,$500,,,,,,"$2,000",,,,,,,,,
Ford,2021 Ford Expedition,MAX XLT 4dr SUV 4WD (3.5L 6cyl Turbo 10A),,$500,$500,$500,,,,,,"$2,000",,,,,,,,,
Ford,2021 Ford Expedition,King Ranch 4dr SUV (3.5L 6cyl Turbo 10A),,$500,$500,$500,,,,,,"$2,000",,,,,,,,,
Ford,2021 Ford Expedition,King Ranch 4dr SUV 4WD (3.5L 6cyl Turbo 10A),,$500,$500,$500,,,,,,"$2,000",,,,,,,,,
Ford,2021 Ford Expedition,XL 4dr SUV 4WD (3.5L 6cyl Turbo 10A),,$500,$500,$500,,,,,,"$2,000",,,,,,,,,
Ford,2021 Ford Expedition,MAX King Ranch 4dr SUV (3.5L 6cyl Turbo 10A),,$500,$500,$500,,,,,,"$2,000",,,,,,,,,
Ford,2021 Ford Expedition,Limited 4dr SUV 4WD (3.5L 6cyl Turbo 10A),,$500,$500,$500,,,,,,"$2,000",,,,,,,,,
Ford,2021 Ford Expedition,MAX Limited 4dr SUV 4WD (3.5L 6cyl Turbo 10A),,$500,$500,$500,,,,,,"$2,000",,,,,,,,,
Ford,2021 Ford Expedition,Limited 4dr SUV (3.5L 6cyl Turbo 10A),,$500,$500,$500,,,,,,"$2,000",,,,,,,,,
Ford,2021 Ford Expedition,MAX King Ranch 4dr SUV 4WD (3.5L 6cyl Turbo 10A),,$500,$500,$500,,,,,,"$2,000",,,,,,,,,
Ford,2021 Ford Expedition,MAX Limited 4dr SUV (3.5L 6cyl Turbo 10A),,$500,$500,$500,,,,,,"$2,000",,,,,,,,,
Ford,2021 Ford Mustang,EcoBoost 2dr Coupe (2.3L 4cyl Turbo 6M),,$500,$500,$250,,,,,,,,,,,$500,,,,
Ford,2021 Ford Mustang,EcoBoost 2dr Convertible (2.3L 4cyl Turbo 6M),,$500,$500,$250,,,,,,,,,,,$500,,,,
Ford,2021 Ford Mustang,EcoBoost Premium 2dr Convertible (2.3L 4cyl Turbo 6M),,$500,$500,$250,,,,,,,,,,,$500,,,,
Ford,2021 Ford Mustang,GT 2dr Coupe (5.0L 8cyl 6M),,$500,$500,$250,,,,,,,,,,,$500,,,,
Ford,2021 Ford Mustang,EcoBoost Premium 2dr Coupe (2.3L 4cyl Turbo 6M),,$500,$500,$250,,,,,,,,,,,$500,,,,
Ford,2021 Ford Mustang,GT Premium 2dr Convertible (5.0L 8cyl 6M),,$500,$500,$250,,,,,,,,,,,$500,,,,
Ford,2021 Ford Mustang,GT Premium 2dr Coupe (5.0L 8cyl 6M),,$500,$500,$250,,,,,,,,,,,$500,,,,
Ford,2021 Ford Mustang,Mach 1 2dr Coupe (5.0L 8cyl 6M),,$500,$500,$250,,,,,,,,,,,$500,,,,
Ford,2021 Ford F-150,XLT 4dr SuperCrew 4WD 5.5 ft. SB (3.3L 6cyl 10A),,$500,$500,,"$1,750","$1,750",,,,,,,"$1,500",,$500,,,,
Ford,2021 Ford F-150,XL 2dr Regular Cab 6.5 ft. SB (3.3L 6cyl 10A),,$500,$500,,"$1,750","$1,750",,,,,,,"$1,500",,$500,,,,
Ford,2021 Ford F-150,XLT 4dr SuperCrew 5.5 ft. SB (3.3L 6cyl 10A),,$500,$500,,"$1,750","$1,750",,,,,,,"$1,500",,$500,,,,
Ford,2021 Ford F-150,XL 4dr SuperCab 4WD 6.5 ft. SB (3.3L 6cyl 10A),,$500,$500,,"$1,750","$1,750",,,,,,,"$1,500",,$500,,,,
Ford,2021 Ford F-150,XLT 4dr SuperCab 4WD 8 ft. LB (5.0L 8cyl 10A),,$500,$500,,"$1,750","$1,750",,,,,,,"$1,500",,$500,,,,
Ford,2021 Ford F-150,Lariat 4dr SuperCab 8 ft. LB (2.7L 6cyl Turbo 10A),,$500,$500,,"$1,750","$1,750",,,,,,,"$1,500",,$500,,,,
Ford,2021 Ford F-150,Platinum 4dr SuperCrew 4WD 6.5 ft. SB (5.0L 8cyl 10A),,$500,$500,,"$1,750","$1,750",,,,,,,"$1,500",,$500,,,,
Ford,2021 Ford F-150,Limited 4dr SuperCrew 5.5 ft. SB (3.5L 6cyl Turbo 10A),,$500,$500,,"$1,750","$1,750",,,,,,,"$1,500",,$500,,,,
Ford,2021 Ford F-150,XLT 4dr SuperCab 6.5 ft. SB (3.3L 6cyl 10A),,$500,$500,,"$1,750","$1,750",,,,,,,"$1,500",,$500,,,,
Ford,2021 Ford F-150,King Ranch 4dr SuperCrew 4WD 5.5 ft. SB (5.0L 8cyl 10A),,$500,$500,,"$1,750","$1,750",,,,,,,"$1,500",,$500,,,,
Ford,2021 Ford F-150,Lariat 4dr SuperCab 4WD 6.5 ft. SB (2.7L 6cyl Turbo 10A),,$500,$500,,"$1,750","$1,750",,,,,,,"$1,500",,$500,,,,
Ford,2021 Ford F-150,Platinum 4dr SuperCrew 4WD 5.5 ft. SB (5.0L 8cyl 10A),,$500,$500,,"$1,750","$1,750",,,,,,,"$1,500",,$500,,,,
Ford,2021 Ford F-150,King Ranch 4dr SuperCrew 6.5 ft. SB (5.0L 8cyl 10A),,$500,$500,,"$1,750","$1,750",,,,,,,"$1,500",,$500,,,,
Ford,2021 Ford F-150,Limited 4dr SuperCrew 4WD 5.5 ft. SB (3.5L 6cyl Turbo 10A),,$500,$500,,"$1,750","$1,750",,,,,,,"$1,500",,$500,,,,
Ford,2021 Ford F-150,King Ranch 4dr SuperCrew 5.5 ft. SB (5.0L 8cyl 10A),,$500,$500,,"$1,750","$1,750",,,,,,,"$1,500",,$500,,,,
Ford,2021 Ford F-150,Platinum 4dr SuperCrew 5.5 ft. SB (5.0L 8cyl 10A),,$500,$500,,"$1,750","$1,750",,,,,,,"$1,500",,$500,,,,
Ford,2021 Ford F-150,King Ranch 4dr SuperCrew 4WD 6.5 ft. SB (5.0L 8cyl 10A),,$500,$500,,"$1,750","$1,750",,,,,,,"$1,500",,$500,,,,
Ford,2021 Ford F-150,XL 4dr SuperCrew 5.5 ft. SB (3.3L 6cyl 10A),,$500,$500,,"$1,750","$1,750",,,,,,,"$1,500",,$500,,,,
Ford,2021 Ford F-150,Lariat 4dr SuperCab 6.5 ft. SB (2.7L 6cyl Turbo 10A),,$500,$500,,"$1,750","$1,750",,,,,,,"$1,500",,$500,,,,
Ford,2021 Ford F-150,XL 4dr SuperCab 6.5 ft. SB (3.3L 6cyl 10A),,$500,$500,,"$1,750","$1,750",,,,,,,"$1,500",,$500,,,,
Ford,2021 Ford F-150,XLT 4dr SuperCab 8 ft. LB (2.7L 6cyl Turbo 10A),,$500,$500,,"$1,750","$1,750",,,,,,,"$1,500",,$500,,,,
Ford,2021 Ford F-150,XL 4dr SuperCrew 4WD 5.5 ft. SB (3.3L 6cyl 10A),,$500,$500,,"$1,750","$1,750",,,,,,,"$1,500",,$500,,,,
Ford,2021 Ford F-150,Platinum 4dr SuperCrew 6.5 ft. SB (5.0L 8cyl 10A),,$500,$500,,"$1,750","$1,750",,,,,,,"$1,500",,$500,,,,
Ford,2021 Ford F-150,Lariat 4dr SuperCrew 4WD 5.5 ft. SB (2.7L 6cyl Turbo 10A),,$500,$500,,"$1,750","$1,750",,,,,,,"$1,500",,$500,,,,
Ford,2021 Ford F-150,XLT 4dr SuperCrew 4WD 6.5 ft. SB (5.0L 8cyl 10A),,$500,$500,,"$1,750","$1,750",,,,,,,"$1,500",,$500,,,,
Ford,2021 Ford F-150,XL 4dr SuperCrew 4WD 6.5 ft. SB (5.0L 8cyl 10A),,$500,$500,,"$1,750","$1,750",,,,,,,"$1,500",,$500,,,,
Ford,2021 Ford F-150,XLT 4dr SuperCrew 6.5 ft. SB (2.7L 6cyl Turbo 10A),,$500,$500,,"$1,750","$1,750",,,,,,,"$1,500",,$500,,,,
Ford,2021 Ford F-150,Lariat 4dr SuperCrew 4WD 6.5 ft. SB (5.0L 8cyl 10A),,$500,$500,,"$1,750","$1,750",,,,,,,"$1,500",,$500,,,,
Ford,2021 Ford F-150,XL 4dr SuperCab 4WD 8 ft. LB (5.0L 8cyl 10A),,$500,$500,,"$1,750","$1,750",,,,,,,"$1,500",,$500,,,,
Ford,2021 Ford F-150,Lariat 4dr SuperCrew 6.5 ft. SB (2.7L 6cyl Turbo 10A),,$500,$500,,"$1,750","$1,750",,,,,,,"$1,500",,$500,,,,
Ford,2021 Ford F-150,XLT 4dr SuperCab 4WD 6.5 ft. SB (3.3L 6cyl 10A),,$500,$500,,"$1,750","$1,750",,,,,,,"$1,500",,$500,,,,
Ford,2021 Ford F-150,Lariat 4dr SuperCab 4WD 8 ft. LB (5.0L 8cyl 10A),,$500,$500,,"$1,750","$1,750",,,,,,,"$1,500",,$500,,,,
Ford,2021 Ford F-150,XLT 2dr Regular Cab 4WD 6.5 ft. SB (3.3L 6cyl 10A),,$500,$500,,"$1,750","$1,750",,,,,,,"$1,500",,$500,,,,
Ford,2021 Ford F-150,XLT 2dr Regular Cab 4WD 8 ft. LB (3.3L 6cyl 10A),,$500,$500,,"$1,750","$1,750",,,,,,,"$1,500",,$500,,,,
Ford,2021 Ford F-150,XL 4dr SuperCrew 6.5 ft. SB (2.7L 6cyl Turbo 10A),,$500,$500,,"$1,750","$1,750",,,,,,,"$1,500",,$500,,,,
Ford,2021 Ford F-150,XLT 2dr Regular Cab 6.5 ft. SB (3.3L 6cyl 10A),,$500,$500,,"$1,750","$1,750",,,,,,,"$1,500",,$500,,,,
Ford,2021 Ford F-150,XL 2dr Regular Cab 4WD 8 ft. LB (3.3L 6cyl 10A),,$500,$500,,"$1,750","$1,750",,,,,,,"$1,500",,$500,,,,
Ford,2021 Ford F-150,XL 2dr Regular Cab 8 ft. LB (3.3L 6cyl 10A),,$500,$500,,"$1,750","$1,750",,,,,,,"$1,500",,$500,,,,
Ford,2021 Ford F-150,XLT 2dr Regular Cab 8 ft. LB (3.3L 6cyl 10A),,$500,$500,,"$1,750","$1,750",,,,,,,"$1,500",,$500,,,,
Ford,2021 Ford F-150,XL 2dr Regular Cab 4WD 6.5 ft. SB (3.3L 6cyl 10A),,$500,$500,,"$1,750","$1,750",,,,,,,"$1,500",,$500,,,,
Ford,2021 Ford F-150,XL 4dr SuperCab 8 ft. LB (2.7L 6cyl Turbo 10A),,$500,$500,,"$1,750","$1,750",,,,,,,"$1,500",,$500,,,,
Ford,2021 Ford F-150,Lariat 4dr SuperCrew 5.5 ft. SB (2.7L 6cyl Turbo 10A),,$500,$500,,"$1,750","$1,750",,,,,,,"$1,500",,$500,,,,
Ford,2021 Ford Edge,SE 4dr SUV (2.0L 4cyl Turbo 8A),,$500,$500,$250,,,,,,,,,"$1,250",,$500,,,,
Ford,2021 Ford Edge,ST 4dr SUV AWD (2.7L 6cyl Turbo 7A),,$500,$500,$250,,,,,,,,,"$1,250",,$500,,,,
Ford,2021 Ford Edge,Titanium 4dr SUV AWD (2.0L 4cyl Turbo 8A),,$500,$500,$250,,,,,,,,,"$1,250",,$500,,,,
Ford,2021 Ford Edge,Titanium 4dr SUV (2.0L 4cyl Turbo 8A),,$500,$500,$250,,,,,,,,,"$1,250",,$500,,,,
Ford,2021 Ford Edge,ST-Line 4dr SUV AWD (2.0L 4cyl Turbo 8A),,$500,$500,$250,,,,,,,,,"$1,250",,$500,,,,
Ford,2021 Ford Edge,ST-Line 4dr SUV (2.0L 4cyl Turbo 8A),,$500,$500,$250,,,,,,,,,"$1,250",,$500,,,,
Ford,2021 Ford Edge,SE 4dr SUV AWD (2.0L 4cyl Turbo 8A),,$500,$500,$250,,,,,,,,,"$1,250",,$500,,,,
Ford,2021 Ford Edge,SEL 4dr SUV AWD (2.0L 4cyl Turbo 8A),,$500,$500,$250,,,,,,,,,"$1,250",,$500,,,,
Ford,2021 Ford Edge,SEL 4dr SUV (2.0L 4cyl Turbo 8A),,$500,$500,$250,,,,,,,,,"$1,250",,$500,,,,
Ford,2021 Ford Transit Connect,Cargo Van XL 4dr Minivan w/Rear 180 Degree Doors LWB (2.0L 4cyl 8A),,$500,$500,,,,,,,,,,,,,,,,
Ford,2021 Ford Transit Connect,Cargo Van XL 4dr Minivan w/Rear 180 Degree Doors SWB (2.0L 4cyl 8A),,$500,$500,,,,,,,,,,,,,,,,
Ford,2021 Ford Transit Connect,Cargo Van XLT 4dr Minivan w/Rear 180 Degree Doors LWB (2.0L 4cyl 8A),,$500,$500,,,,,,,,,,,,,,,,
Ford,2021 Ford Transit Connect,Wagon XLT 4dr Minivan w/Rear Liftgate LWB (2.0L 4cyl 8A),,$500,$500,,,,,,,,,,,,,,,,
Ford,2021 Ford Transit Connect,Wagon XLT 4dr Minivan w/Rear 180 Degree Doors LWB (2.0L 4cyl 8A),,$500,$500,,,,,,,,,,,,,,,,
Ford,2021 Ford Transit Connect,Wagon XL 4dr Minivan w/Rear 180 Degree Doors LWB (2.0L 4cyl 8A),,$500,$500,,,,,,,,,,,,,,,,
Ford,2021 Ford Transit Connect,Cargo Van XL 4dr Minivan w/Rear Liftgate LWB (2.0L 4cyl 8A),,$500,$500,,,,,,,,,,,,,,,,
Ford,2021 Ford Transit Connect,Wagon XL 4dr Minivan w/Rear Liftgate LWB (2.0L 4cyl 8A),,$500,$500,,,,,,,,,,,,,,,,
Ford,2021 Ford Transit Connect,Cargo Van XLT 4dr Minivan w/Rear 180 Degree Doors SWB (2.0L 4cyl 8A),,$500,$500,,,,,,,,,,,,,,,,
Ford,2021 Ford Transit Connect,Cargo Van XLT 4dr Minivan w/Rear Liftgate SWB (2.0L 4cyl 8A),,$500,$500,,,,,,,,,,,,,,,,
Ford,2021 Ford Transit Connect,Cargo Van XL 4dr Minivan w/Rear Liftgate SWB (2.0L 4cyl 8A),,$500,$500,,,,,,,,,,,,,,,,
Ford,2021 Ford Transit Connect,Wagon Titanium LWB 4dr Minivan (2.0L 4cyl 8A),,$500,$500,,,,,,,,,,,,,,,,
Ford,2021 Ford Transit Connect,Cargo Van XLT 4dr Minivan w/Rear Liftgate LWB (2.0L 4cyl 8A),,$500,$500,,,,,,,,,,,,,,,,
Ford,2020 Ford Transit Cargo Van,"250 Medium Roof 3dr Van w/130"" WB (3.5L 6cyl 10A)",,$500,$500,,"$1,000","$1,000,$2,500",,,,,,,,,,,,,
Ford,2020 Ford Transit Cargo Van,"250 Medium Roof 3dr Van w/148"" WB (3.5L 6cyl 10A)",,$500,$500,,"$1,000","$1,000,$2,500",,,,,,,,,,,,,
Ford,2020 Ford Transit Cargo Van,"150 Low Roof 3dr Van w/130"" WB (3.5L 6cyl 10A)",,$500,$500,,"$1,000","$1,000,$2,500",,,,,,,,,,,,,
Ford,2020 Ford Transit Cargo Van,"350 High Roof 3dr Ext Van w/148"" WB (3.5L 6cyl 10A)",,$500,$500,,"$1,000","$1,000,$2,500",,,,,,,,,,,,,
Ford,2020 Ford Transit Cargo Van,"250 Low Roof 3dr Van w/130"" WB (3.5L 6cyl 10A)",,$500,$500,,"$1,000","$1,000,$2,500",,,,,,,,,,,,,
Ford,2020 Ford Transit Cargo Van,"250 Medium Roof 3dr Van AWD w/148"" WB (3.5L 6cyl 10A)",,$500,$500,,"$1,000","$1,000,$2,500",,,,,,,,,,,,,
Ford,2020 Ford Transit Cargo Van,"250 High Roof 3dr Ext Van w/148"" WB (3.5L 6cyl 10A)",,$500,$500,,"$1,000","$1,000,$2,500",,,,,,,,,,,,,
Ford,2020 Ford Transit Cargo Van,"250 High Roof 3dr Van w/148"" WB (3.5L 6cyl 10A)",,$500,$500,,"$1,000","$1,000,$2,500",,,,,,,,,,,,,
Ford,2020 Ford Transit Cargo Van,"250 Low Roof 3dr Van w/148"" WB (3.5L 6cyl 10A)",,$500,$500,,"$1,000","$1,000,$2,500",,,,,,,,,,,,,
Ford,2020 Ford Transit Cargo Van,"250 Medium Roof 3dr Van AWD w/130"" WB (3.5L 6cyl 10A)",,$500,$500,,"$1,000","$1,000,$2,500",,,,,,,,,,,,,
Ford,2020 Ford Transit Cargo Van,"350 HD High Roof 3dr Ext Van DRW w/148"" WB, 10,360 lbs. GVWR (3.5L 6cyl 10A)",,$500,$500,,"$1,000","$1,000,$2,500",,,,,,,,,,,,,
Ford,2020 Ford Transit Cargo Van,"350 High Roof 3dr Ext Van AWD w/148"" WB (3.5L 6cyl 10A)",,$500,$500,,"$1,000","$1,000,$2,500",,,,,,,,,,,,,
Ford,2020 Ford Transit Cargo Van,"250 High Roof 3dr Ext Van AWD w/148"" WB (3.5L 6cyl 10A)",,$500,$500,,"$1,000","$1,000,$2,500",,,,,,,,,,,,,
Ford,2020 Ford Transit Cargo Van,"150 Medium Roof 3dr Van w/130"" WB (3.5L 6cyl 10A)",,$500,$500,,"$1,000","$1,000,$2,500",,,,,,,,,,,,,
Ford,2020 Ford Transit Cargo Van,"350 High Roof 3dr Van w/148"" WB (3.5L 6cyl 10A)",,$500,$500,,"$1,000","$1,000,$2,500",,,,,,,,,,,,,
Ford,2020 Ford Transit Cargo Van,"350 HD High Roof 3dr Ext Van DRW w/148"" WB, 9,950 lbs. GVWR (3.5L 6cyl 10A)",,$500,$500,,"$1,000","$1,000,$2,500",,,,,,,,,,,,,
Ford,2020 Ford Transit Cargo Van,"250 High Roof 3dr Van AWD w/148"" WB (3.5L 6cyl 10A)",,$500,$500,,"$1,000","$1,000,$2,500",,,,,,,,,,,,,
Ford,2020 Ford Transit Cargo Van,"350 Medium Roof 3dr Van w/130"" WB (3.5L 6cyl 10A)",,$500,$500,,"$1,000","$1,000,$2,500",,,,,,,,,,,,,
Ford,2020 Ford Transit Cargo Van,"150 Low Roof 3dr Van w/148"" WB (3.5L 6cyl 10A)",,$500,$500,,"$1,000","$1,000,$2,500",,,,,,,,,,,,,
Ford,2020 Ford Transit Cargo Van,"350 Medium Roof 3dr Van w/148"" WB (3.5L 6cyl 10A)",,$500,$500,,"$1,000","$1,000,$2,500",,,,,,,,,,,,,
Ford,2020 Ford Transit Cargo Van,"150 Low Roof 3dr Van AWD w/130"" WB (3.5L 6cyl 10A)",,$500,$500,,"$1,000","$1,000,$2,500",,,,,,,,,,,,,
Ford,2020 Ford Transit Cargo Van,"350 HD High Roof 3dr Ext Van AWD DRW w/148"" WB, 10,360 lbs. GVWR (3.5L 6cyl Turbo 10A)",,$500,$500,,"$1,000","$1,000,$2,500",,,,,,,,,,,,,
Ford,2020 Ford Transit Cargo Van,"150 Medium Roof 3dr Van AWD w/148"" WB (3.5L 6cyl 10A)",,$500,$500,,"$1,000","$1,000,$2,500",,,,,,,,,,,,,
Ford,2020 Ford Transit Cargo Van,"150 Medium Roof 3dr Van w/148"" WB (3.5L 6cyl 10A)",,$500,$500,,"$1,000","$1,000,$2,500",,,,,,,,,,,,,
Ford,2020 Ford Transit Cargo Van,"150 Medium Roof 3dr Van AWD w/130"" WB (3.5L 6cyl 10A)",,$500,$500,,"$1,000","$1,000,$2,500",,,,,,,,,,,,,
Ford,2020 Ford Transit Cargo Van,"350 Low Roof 3dr Van AWD w/130"" WB (3.5L 6cyl 10A)",,$500,$500,,"$1,000","$1,000,$2,500",,,,,,,,,,,,,
Ford,2020 Ford Transit Cargo Van,"350 Low Roof 3dr Van w/130"" WB (3.5L 6cyl 10A)",,$500,$500,,"$1,000","$1,000,$2,500",,,,,,,,,,,,,
Ford,2020 Ford Transit Cargo Van,"350 High Roof 3dr Van AWD w/148"" WB (3.5L 6cyl 10A)",,$500,$500,,"$1,000","$1,000,$2,500",,,,,,,,,,,,,
Ford,2020 Ford Transit Cargo Van,"350 HD High Roof 3dr Ext Van AWD DRW w/148"" WB, 9,950 lbs. GVWR (3.5L 6cyl 10A)",,$500,$500,,"$1,000","$1,000,$2,500",,,,,,,,,,,,,
Ford,2020 Ford Transit Cargo Van,"350 Low Roof 3dr Van AWD w/148"" WB (3.5L 6cyl 10A)",,$500,$500,,"$1,000","$1,000,$2,500",,,,,,,,,,,,,
Ford,2020 Ford Transit Cargo Van,"350 Low Roof 3dr Van w/148"" WB (3.5L 6cyl 10A)",,$500,$500,,"$1,000","$1,000,$2,500",,,,,,,,,,,,,
Ford,2020 Ford Transit Cargo Van,"150 Low Roof 3dr Van AWD w/148"" WB (3.5L 6cyl 10A)",,$500,$500,,"$1,000","$1,000,$2,500",,,,,,,,,,,,,
Ford,2020 Ford Transit Cargo Van,"350 Medium Roof 3dr Van AWD w/148"" WB (3.5L 6cyl 10A)",,$500,$500,,"$1,000","$1,000,$2,500",,,,,,,,,,,,,
Ford,2020 Ford Transit Cargo Van,"350 Medium Roof 3dr Van AWD w/130"" WB (3.5L 6cyl 10A)",,$500,$500,,"$1,000","$1,000,$2,500",,,,,,,,,,,,,
Ford,2020 Ford Transit Cargo Van,"250 Low Roof 3dr Van AWD w/148"" WB (3.5L 6cyl 10A)",,$500,$500,,"$1,000","$1,000,$2,500",,,,,,,,,,,,,
Ford,2020 Ford Transit Cargo Van,"250 Low Roof 3dr Van AWD w/130"" WB (3.5L 6cyl 10A)",,$500,$500,,"$1,000","$1,000,$2,500",,,,,,,,,,,,,
Ford,2021 Ford EcoSport,SES 4dr SUV AWD (2.0L 4cyl 6A),,$500,$500,,,,,,,,,,,,$500,,,,
Ford,2021 Ford EcoSport,Titanium 4dr SUV (1.0L 3cyl Turbo 6A),,$500,$500,,,,,,,,,,,,$500,,,,
Ford,2021 Ford EcoSport,SE 4dr SUV (1.0L 3cyl Turbo 6A),,$500,$500,,,,,,,,,,,,$500,,,,
Ford,2021 Ford EcoSport,Titanium 4dr SUV AWD (2.0L 4cyl 6A),,$500,$500,,,,,,,,,,,,$500,,,,
Ford,2021 Ford EcoSport,S 4dr SUV (1.0L 3cyl Turbo 6A),,$500,$500,,,,,,,,,,,,$500,,,,
Ford,2021 Ford EcoSport,SE 4dr SUV AWD (2.0L 4cyl 6A),,$500,$500,,,,,,,,,,,,$500,,,,
Ford,2021 Ford EcoSport,S 4dr SUV AWD (2.0L 4cyl 6A),,$500,$500,,,,,,,,,,,,$500,,,,
Ford,2021 Ford Escape,S 4dr SUV (1.5L 3cyl Turbo 8A),,$500,$500,$250,,,,,,,,,"$1,000",,$500,,,,
Ford,2021 Ford Escape,SE 4dr SUV (1.5L 3cyl Turbo 8A),,$500,$500,$250,,,,,,,,,"$1,000",,$500,,,,
Ford,2021 Ford Escape,S 4dr SUV AWD (1.5L 3cyl Turbo 8A),,$500,$500,$250,,,,,,,,,"$1,000",,$500,,,,
Ford,2021 Ford Escape,SE 4dr SUV AWD (1.5L 3cyl Turbo 8A),,$500,$500,$250,,,,,,,,,"$1,000",,$500,,,,
Ford,2021 Ford Escape,Titanium 4dr SUV (2.5L 4cyl gas/electric hybrid EVT),,$500,$500,$250,,,,,,,,,"$1,000",,$500,,,,
Ford,2021 Ford Escape,Titanium 4dr SUV AWD (2.5L 4cyl gas/electric hybrid EVT),,$500,$500,$250,,,,,,,,,"$1,000",,$500,,,,
Ford,2021 Ford Escape,SE Sport 4dr SUV (2.5L 4cyl gas/electric hybrid EVT),,$500,$500,$250,,,,,,,,,"$1,000",,$500,,,,
Ford,2021 Ford Escape,SE Sport 4dr SUV AWD (2.5L 4cyl gas/electric hybrid EVT),,$500,$500,$250,,,,,,,,,"$1,000",,$500,,,,
Ford,2021 Ford Escape,SEL 4dr SUV (1.5L 3cyl Turbo 8A),,$500,$500,$250,,,,,,,,,"$1,000",,$500,,,,
Ford,2021 Ford Escape,Titanium 4dr SUV AWD (2.0L 4cyl Turbo 8A),,$500,$500,$250,,,,,,,,,"$1,000",,$500,,,,
Ford,2021 Ford Escape,SEL 4dr SUV AWD (1.5L 3cyl Turbo 8A),,$500,$500,$250,,,,,,,,,"$1,000",,$500,,,,
Ford,2021 Ford Escape,SEL 4dr SUV AWD (2.0L 4cyl Turbo 8A),,$500,$500,$250,,,,,,,,,"$1,000",,$500,,,,
Ford,2021 Ford Escape,SEL 4dr SUV (2.5L 4cyl gas/electric hybrid EVT),,$500,$500,$250,,,,,,,,,"$1,000",,$500,,,,
Ford,2021 Ford Escape,SEL 4dr SUV AWD (2.5L 4cyl gas/electric hybrid EVT),,$500,$500,$250,,,,,,,,,"$1,000",,$500,,,,
FIAT,2021 FIAT 500X,Trekking 4dr SUV AWD (1.3L 4cyl Turbo 9A),,,,,,,,,,,,,,,,,,,
FIAT,2021 FIAT 500X,Pop 4dr SUV AWD (1.3L 4cyl Turbo 9A),,,,,,,,,,,,,,,,,,,
FIAT,2021 FIAT 500X,Trekking Plus 4dr SUV AWD (1.3L 4cyl Turbo 9A),,,,,,,,,,,,,,,,,,,
FIAT,2021 FIAT 500X,Sport 4dr SUV AWD (1.3L 4cyl Turbo 9A),,,,,,,,,,,,,,,,,,,
Ford,2021 Ford Ranger,XL 4dr SuperCab SB (2.3L 4cyl Turbo 10A),,$500,$500,,,,,,,,,,,,$500,,,,
Ford,2021 Ford Ranger,Lariat 4dr SuperCab 4WD SB (2.3L 4cyl Turbo 10A),,$500,$500,,,,,,,,,,,,$500,,,,
Ford,2021 Ford Ranger,Lariat 4dr Crew Cab SB (2.3L 4cyl Turbo 10A),,$500,$500,,,,,,,,,,,,$500,,,,
Ford,2021 Ford Ranger,Lariat 4dr Crew Cab 4WD SB (2.3L 4cyl Turbo 10A),,$500,$500,,,,,,,,,,,,$500,,,,
Ford,2021 Ford Ranger,XLT 4dr SuperCab 4WD SB (2.3L 4cyl Turbo 10A),,$500,$500,,,,,,,,,,,,$500,,,,
Ford,2021 Ford Ranger,XLT 4dr Crew Cab SB (2.3L 4cyl Turbo 10A),,$500,$500,,,,,,,,,,,,$500,,,,
Ford,2021 Ford Ranger,XLT 4dr Crew Cab 4WD SB (2.3L 4cyl Turbo 10A),,$500,$500,,,,,,,,,,,,$500,,,,
Ford,2021 Ford Ranger,Lariat 4dr SuperCab SB (2.3L 4cyl Turbo 10A),,$500,$500,,,,,,,,,,,,$500,,,,
Ford,2021 Ford Ranger,XL 4dr SuperCab 4WD SB (2.3L 4cyl Turbo 10A),,$500,$500,,,,,,,,,,,,$500,,,,
Ford,2021 Ford Ranger,XL 4dr Crew Cab SB (2.3L 4cyl Turbo 10A),,$500,$500,,,,,,,,,,,,$500,,,,
Ford,2021 Ford Ranger,XL 4dr Crew Cab 4WD SB (2.3L 4cyl Turbo 10A),,$500,$500,,,,,,,,,,,,$500,,,,
Ford,2021 Ford Ranger,XLT 4dr SuperCab SB (2.3L 4cyl Turbo 10A),,$500,$500,,,,,,,,,,,,$500,,,,
Dodge,2020 Dodge Challenger,SXT 2dr Coupe (3.6L 6cyl 8A),,$500,$500,,$500,,,,,,,,"$1,000,$250",,,,,,
Dodge,2020 Dodge Challenger,R/T Scat Pack 2dr Coupe (6.4L 8cyl 6M),,$500,$500,,$500,,,,,,,,"$1,000,$250",,,,,,
Dodge,2020 Dodge Challenger,R/T 2dr Coupe (5.7L 8cyl 6M),,$500,$500,,$500,,,,,,,,"$1,000,$250",,,,,,
Dodge,2020 Dodge Challenger,R/T Scat Pack Widebody 2dr Coupe (6.4L 8cyl 6M),,$500,$500,,$500,,,,,,,,"$1,000,$250",,,,,,
Dodge,2020 Dodge Challenger,GT 2dr Coupe (3.6L 6cyl 8A),,$500,$500,,$500,,,,,,,,"$1,000,$250",,,,,,
Dodge,2020 Dodge Challenger,SRT Hellcat 2dr Coupe (6.2L 8cyl S/C 6M),,$500,$500,,$500,,,,,,,,"$1,000,$250",,,,,,
Dodge,2020 Dodge Challenger,GT 2dr Coupe AWD (3.6L 6cyl 8A),,$500,$500,,$500,,,,,,,,"$1,000,$250",,,,,,
Dodge,2020 Dodge Challenger,SXT 2dr Coupe AWD (3.6L 6cyl 8A),,$500,$500,,$500,,,,,,,,"$1,000,$250",,,,,,
Dodge,2020 Dodge Challenger,SRT Hellcat Redeye Widebody 2dr Coupe (6.2L 8cyl S/C 8A),,$500,$500,,$500,,,,,,,,"$1,000,$250",,,,,,
Dodge,2020 Dodge Challenger,R/T Scat Pack 50th Anniversary 2dr Coupe (6.4L 8cyl 6M),,$500,$500,,$500,,,,,,,,"$1,000,$250",,,,,,
Dodge,2020 Dodge Challenger,SRT Hellcat Redeye 2dr Coupe (6.2L 8cyl S/C 8A),,$500,$500,,$500,,,,,,,,"$1,000,$250",,,,,,
Dodge,2020 Dodge Challenger,SRT Hellcat Widebody 2dr Coupe (6.2L 8cyl S/C 6M),,$500,$500,,$500,,,,,,,,"$1,000,$250",,,,,,
Dodge,2020 Dodge Challenger,R/T Scat Pack 50th Anniversary Widebody 2dr Coupe (6.4L 8cyl 6M),,$500,$500,,$500,,,,,,,,"$1,000,$250",,,,,,
Dodge,2020 Dodge Challenger,R/T 50th Anniversary 2dr Coupe (5.7L 8cyl 6M),,$500,$500,,$500,,,,,,,,"$1,000,$250",,,,,,
Dodge,2020 Dodge Challenger,SRT Super Stock 2dr Coupe (6.2L 8cyl S/C 8A),,$500,$500,,$500,,,,,,,,"$1,000,$250",,,,,,
Dodge,2020 Dodge Charger,Scat Pack 4dr Sedan (6.4L 8cyl 8A),,$500,$500,,$500,,,,,,,,$250,,,,,,
Dodge,2020 Dodge Charger,SXT 4dr Sedan (3.6L 6cyl 8A),,$500,$500,,$500,,,,,,,,$250,,,,,,
Dodge,2020 Dodge Charger,R/T 4dr Sedan (5.7L 8cyl 8A),,$500,$500,,$500,,,,,,,,$250,,,,,,
Dodge,2020 Dodge Charger,GT 4dr Sedan (3.6L 6cyl 8A),,$500,$500,,$500,,,,,,,,$250,,,,,,
Dodge,2020 Dodge Charger,Scat Pack Widebody 4dr Sedan (6.4L 8cyl 8A),,$500,$500,,$500,,,,,,,,$250,,,,,,
Dodge,2020 Dodge Charger,SRT Hellcat Widebody 4dr Sedan (6.2L 8cyl S/C 8A),,$500,$500,,$500,,,,,,,,$250,,,,,,
Dodge,2020 Dodge Charger,SXT 4dr Sedan AWD (3.6L 6cyl 8A),,$500,$500,,$500,,,,,,,,$250,,,,,,
Dodge,2020 Dodge Charger,GT 4dr Sedan AWD (3.6L 6cyl 8A),,$500,$500,,$500,,,,,,,,$250,,,,,,
Dodge,2021 Dodge Durango,GT Plus 4dr SUV AWD (3.6L 6cyl 8A),,,,,,,,,,,,,,,,,,,
Dodge,2021 Dodge Durango,SXT Plus 4dr SUV AWD (3.6L 6cyl 8A),,,,,,,,,,,,,,,,,,,
Dodge,2021 Dodge Durango,GT 4dr SUV AWD (3.6L 6cyl 8A),,,,,,,,,,,,,,,,,,,
Dodge,2021 Dodge Durango,SXT Plus 4dr SUV (3.6L 6cyl 8A),,,,,,,,,,,,,,,,,,,
Dodge,2021 Dodge Durango,SXT 4dr SUV (3.6L 6cyl 8A),,,,,,,,,,,,,,,,,,,
Dodge,2021 Dodge Durango,SXT 4dr SUV AWD (3.6L 6cyl 8A),,,,,,,,,,,,,,,,,,,
Dodge,2021 Dodge Durango,GT 4dr SUV (3.6L 6cyl 8A),,,,,,,,,,,,,,,,,,,
Dodge,2021 Dodge Durango,R/T 4dr SUV (5.7L 8cyl 8A),,,,,,,,,,,,,,,,,,,
Dodge,2021 Dodge Durango,R/T 4dr SUV AWD (5.7L 8cyl 8A),,,,,,,,,,,,,,,,,,,
Dodge,2021 Dodge Durango,Citadel 4dr SUV AWD (3.6L 6cyl 8A),,,,,,,,,,,,,,,,,,,
Dodge,2021 Dodge Durango,GT Plus 4dr SUV (3.6L 6cyl 8A),,,,,,,,,,,,,,,,,,,
Dodge,2021 Dodge Durango,Citadel 4dr SUV (3.6L 6cyl 8A),,,,,,,,,,,,,,,,,,,
Dodge,2021 Dodge Durango,SRT 392 4dr SUV AWD (6.4L 8cyl 8A),,,,,,,,,,,,,,,,,,,
Ford,2021 Ford Mustang Mach-E,Select 4dr Hatchback w/Standard Range (electric DD),,,,,,,,,,,,,,,,,,,
Ford,2021 Ford Mustang Mach-E,California Route 1 4dr Hatchback w/Extended Range (electric DD),,,,,,,,,,,,,,,,,,,
Ford,2021 Ford Mustang Mach-E,Select 4dr Hatchback AWD w/Standard Range (electric DD),,,,,,,,,,,,,,,,,,,
Ford,2021 Ford Mustang Mach-E,Premium 4dr Hatchback w/Standard Range (electric DD),,,,,,,,,,,,,,,,,,,
Ford,2021 Ford Mustang Mach-E,First Edition 4dr Hatchback AWD w/Extended Range (electric DD),,,,,,,,,,,,,,,,,,,
Ford,2021 Ford Mustang Mach-E,Premium 4dr Hatchback AWD w/Standard Range (electric DD),,,,,,,,,,,,,,,,,,,
Dodge,2021 Dodge Charger,SXT 4dr Sedan (3.6L 6cyl 8A),,$500,$500,,$500,,,,,,,,"$1,500,$250",,,,,,
Dodge,2021 Dodge Charger,GT 4dr Sedan (3.6L 6cyl 8A),,$500,$500,,$500,,,,,,,,"$1,500,$250",,,,,,
Dodge,2021 Dodge Charger,Scat Pack 4dr Sedan (6.4L 8cyl 8A),,$500,$500,,$500,,,,,,,,"$1,500,$250",,,,,,
Dodge,2021 Dodge Charger,R/T 4dr Sedan (5.7L 8cyl 8A),,$500,$500,,$500,,,,,,,,"$1,500,$250",,,,,,
Dodge,2021 Dodge Charger,Scat Pack Widebody 4dr Sedan (6.4L 8cyl 8A),,$500,$500,,$500,,,,,,,,"$1,500,$250",,,,,,
Dodge,2021 Dodge Charger,SRT Hellcat Widebody 4dr Sedan (6.2L 8cyl S/C 8A),,$500,$500,,$500,,,,,,,,"$1,500,$250",,,,,,
Dodge,2021 Dodge Charger,SRT Hellcat Redeye Widebody 4dr Sedan (6.2L 8cyl S/C 8A),,$500,$500,,$500,,,,,,,,"$1,500,$250",,,,,,
Dodge,2021 Dodge Charger,GT 4dr Sedan AWD (3.6L 6cyl 8A),,$500,$500,,$500,,,,,,,,"$1,500,$250",,,,,,
Dodge,2021 Dodge Charger,SXT 4dr Sedan AWD (3.6L 6cyl 8A),,$500,$500,,$500,,,,,,,,"$1,500,$250",,,,,,
BMW,2020 BMW i8,2dr Coupe AWD (1.5L 3cyl Turbo gas/electric hybrid 6A),,$500,,"$2,465",,,,"$1,500","$1,000",,,,,,,,,,
BMW,2020 BMW i8,2dr Convertible AWD (1.5L 3cyl Turbo gas/electric hybrid 6A),,$500,,"$2,465",,,,"$1,500","$1,000",,,,,,,,,,
BMW,2020 BMW X2,sDrive28i 4dr SUV (2.0L 4cyl Turbo 8A),,$500,,$500,,,,"$1,000","$1,000",$500,,,,,,,,,
BMW,2020 BMW X2,xDrive28i 4dr SUV AWD (2.0L 4cyl Turbo 8A),,$500,,$500,,,,"$1,000","$1,000",$500,,,,,,,,,
BMW,2020 BMW X2,M35i 4dr SUV AWD (2.0L 4cyl Turbo 8A),,$500,,$500,,,,"$1,000","$1,000",$500,,,,,,,,,
Dodge,2020 Dodge Grand Caravan,SE 4dr Minivan (3.6L 6cyl 6A),,$500,$500,,$500,,,,,,,,"$500,$2,000,$1,000",$500,,,,,
Dodge,2020 Dodge Grand Caravan,SE Plus 4dr Minivan (3.6L 6cyl 6A),,$500,$500,,$500,,,,,,,,"$500,$2,000,$1,000",$500,,,,,
Dodge,2020 Dodge Grand Caravan,SXT 4dr Minivan (3.6L 6cyl 6A),,$500,$500,,$500,,,,,,,,"$500,$2,000,$1,000",$500,,,,,
Dodge,2020 Dodge Grand Caravan,GT Fleet 4dr Minivan (3.6L 6cyl 6A),,$500,$500,,$500,,,,,,,,"$500,$2,000,$1,000",$500,,,,,
BMW,2020 BMW 5 Series,530i 4dr Sedan (2.0L 4cyl Turbo 8A),,$500,,$500,,,,"$2,000","$1,000","$1,000",,,,,,,,,
BMW,2020 BMW 5 Series,M550i xDrive 4dr Sedan AWD (4.4L 8cyl Turbo 8A),,$500,,$500,,,,"$2,000","$1,000","$1,000",,,,,,,,,
BMW,2020 BMW 5 Series,540i xDrive 4dr Sedan AWD (3.0L 6cyl Turbo 8A),,$500,,$500,,,,"$2,000","$1,000","$1,000",,,,,,,,,
BMW,2020 BMW 5 Series,540i 4dr Sedan (3.0L 6cyl Turbo 8A),,$500,,$500,,,,"$2,000","$1,000","$1,000",,,,,,,,,
BMW,2020 BMW 5 Series,530i xDrive 4dr Sedan AWD (2.0L 4cyl Turbo 8A),,$500,,$500,,,,"$2,000","$1,000","$1,000",,,,,,,,,
BMW,2020 BMW 5 Series,530e 4dr Sedan (2.0L 4cyl Turbo gas/electric hybrid 8A),,$500,,$500,,,,"$2,000","$1,000","$1,000",,,,,,,,,
BMW,2020 BMW 5 Series,530e xDrive 4dr Sedan AWD (2.0L 4cyl Turbo gas/electric hybrid 8A),,$500,,$500,,,,"$2,000","$1,000","$1,000",,,,,,,,,
BMW,2020 BMW X6 M,4dr SUV AWD (4.4L 8cyl Turbo 8A),,$500,,,,,,"$1,000","$1,000",$500,,,,,,,,,
BMW,2020 BMW X6 M,Competition 4dr SUV AWD (4.4L 8cyl Turbo 8A),,$500,,,,,,"$1,000","$1,000",$500,,,,,,,,,
BMW,2020 BMW M8 Gran Coupe,4dr Sedan AWD (4.4L 8cyl Turbo 8A),,$500,,,,,,"$3,000","$1,000",,,,,,,,,,
BMW,2020 BMW M8 Gran Coupe,Competition 4dr Sedan AWD (4.4L 8cyl Turbo 8A),,$500,,,,,,"$3,000","$1,000",,,,,,,,,,
Dodge,2021 Dodge Challenger,R/T Scat Pack 2dr Coupe (6.4L 8cyl 6M),,$500,$500,,$500,,,,,,,,$250,,,,,,
Dodge,2021 Dodge Challenger,R/T 2dr Coupe (5.7L 8cyl 6M),,$500,$500,,$500,,,,,,,,$250,,,,,,
Dodge,2021 Dodge Challenger,GT 2dr Coupe AWD (3.6L 6cyl 8A),,$500,$500,,$500,,,,,,,,$250,,,,,,
Dodge,2021 Dodge Challenger,SXT 2dr Coupe (3.6L 6cyl 8A),,$500,$500,,$500,,,,,,,,$250,,,,,,
Dodge,2021 Dodge Challenger,SRT Hellcat Redeye Widebody 2dr Coupe (6.2L 8cyl S/C 8A),,$500,$500,,$500,,,,,,,,$250,,,,,,
Dodge,2021 Dodge Challenger,R/T Scat Pack Widebody 2dr Coupe (6.4L 8cyl 6M),,$500,$500,,$500,,,,,,,,$250,,,,,,
Dodge,2021 Dodge Challenger,SRT Hellcat Widebody 2dr Coupe (6.2L 8cyl S/C 6M),,$500,$500,,$500,,,,,,,,$250,,,,,,
Dodge,2021 Dodge Challenger,GT 2dr Coupe (3.6L 6cyl 8A),,$500,$500,,$500,,,,,,,,$250,,,,,,
Dodge,2021 Dodge Challenger,SRT Hellcat 2dr Coupe (6.2L 8cyl S/C 6M),,$500,$500,,$500,,,,,,,,$250,,,,,,
Dodge,2021 Dodge Challenger,SRT Super Stock 2dr Coupe (6.2L 8cyl S/C 8A),,$500,$500,,$500,,,,,,,,$250,,,,,,
Dodge,2021 Dodge Challenger,SRT Hellcat Redeye 2dr Coupe (6.2L 8cyl S/C 8A),,$500,$500,,$500,,,,,,,,$250,,,,,,
Dodge,2021 Dodge Challenger,SXT 2dr Coupe AWD (3.6L 6cyl 8A),,$500,$500,,$500,,,,,,,,$250,,,,,,
Dodge,2020 Dodge Durango,R/T 4dr SUV AWD (5.7L 8cyl 8A),,$500,$500,,,,,,,,,,,,,,,,
Dodge,2020 Dodge Durango,GT Plus 4dr SUV AWD (3.6L 6cyl 8A),,$500,$500,,,,,,,,,,,,,,,,
Dodge,2020 Dodge Durango,SXT Plus 4dr SUV AWD (3.6L 6cyl 8A),,$500,$500,,,,,,,,,,,,,,,,
Dodge,2020 Dodge Durango,GT 4dr SUV AWD (3.6L 6cyl 8A),,$500,$500,,,,,,,,,,,,,,,,
Dodge,2020 Dodge Durango,R/T 4dr SUV (5.7L 8cyl 8A),,$500,$500,,,,,,,,,,,,,,,,
Dodge,2020 Dodge Durango,SXT 4dr SUV (3.6L 6cyl 8A),,$500,$500,,,,,,,,,,,,,,,,
Dodge,2020 Dodge Durango,GT 4dr SUV (3.6L 6cyl 8A),,$500,$500,,,,,,,,,,,,,,,,
Dodge,2020 Dodge Durango,GT Plus 4dr SUV (3.6L 6cyl 8A),,$500,$500,,,,,,,,,,,,,,,,
Dodge,2020 Dodge Durango,SXT Plus 4dr SUV (3.6L 6cyl 8A),,$500,$500,,,,,,,,,,,,,,,,
Dodge,2020 Dodge Durango,SRT 4dr SUV AWD (6.4L 8cyl 8A),,$500,$500,,,,,,,,,,,,,,,,
Dodge,2020 Dodge Durango,SXT 4dr SUV AWD (3.6L 6cyl 8A),,$500,$500,,,,,,,,,,,,,,,,
Dodge,2020 Dodge Durango,Citadel 4dr SUV AWD (3.6L 6cyl 8A),,$500,$500,,,,,,,,,,,,,,,,
Dodge,2020 Dodge Durango,Citadel 4dr SUV (3.6L 6cyl 8A),,$500,$500,,,,,,,,,,,,,,,,
Dodge,2020 Dodge Durango,Anodized Platinum 4dr SUV AWD (3.6L 6cyl 8A),,$500,$500,,,,,,,,,,,,,,,,
Dodge,2020 Dodge Durango,Anodized Platinum 4dr SUV (3.6L 6cyl 8A),,$500,$500,,,,,,,,,,,,,,,,
BMW,2020 BMW X5 M,Competition 4dr SUV AWD (4.4L 8cyl Turbo 8A),,$500,,,,,,"$1,000","$1,000",$500,,,,,,,,,
BMW,2020 BMW X5 M,4dr SUV AWD (4.4L 8cyl Turbo 8A),,$500,,,,,,"$1,000","$1,000",$500,,,,,,,,,
BMW,2020 BMW 8 Series,840i 2dr Convertible (3.0L 6cyl Turbo 8A),,$500,,,,,,"$3,000","$1,000",,,,,,,,,,
BMW,2020 BMW 8 Series,840i 2dr Coupe (3.0L 6cyl Turbo 8A),,$500,,,,,,"$3,000","$1,000",,,,,,,,,,
BMW,2020 BMW 8 Series,840i xDrive 2dr Coupe AWD (3.0L 6cyl Turbo 8A),,$500,,,,,,"$3,000","$1,000",,,,,,,,,,
BMW,2020 BMW 8 Series,840i xDrive 2dr Convertible AWD (3.0L 6cyl Turbo 8A),,$500,,,,,,"$3,000","$1,000",,,,,,,,,,
BMW,2020 BMW 8 Series,M850i xDrive 2dr Convertible AWD (4.4L 8cyl Turbo 8A),,$500,,,,,,"$3,000","$1,000",,,,,,,,,,
BMW,2020 BMW 8 Series,M850i xDrive 2dr Coupe AWD (4.4L 8cyl Turbo 8A),,$500,,,,,,"$3,000","$1,000",,,,,,,,,,
BMW,2020 BMW 4 Series Gran Coupe,430i xDrive 4dr Sedan AWD (2.0L 4cyl Turbo 8A),,$500,,"$1,750",,,,"$1,000","$1,000",,,,,,,,,,
BMW,2020 BMW 4 Series Gran Coupe,440i xDrive 4dr Sedan AWD (3.0L 6cyl Turbo 8A),,$500,,"$1,750",,,,"$1,000","$1,000",,,,,,,,,,
BMW,2020 BMW 4 Series Gran Coupe,440i 4dr Sedan (3.0L 6cyl Turbo 8A),,$500,,"$1,750",,,,"$1,000","$1,000",,,,,,,,,,
BMW,2020 BMW 4 Series Gran Coupe,430i 4dr Sedan (2.0L 4cyl Turbo 8A),,$500,,"$1,750",,,,"$1,000","$1,000",,,,,,,,,,
BMW,2020 BMW X6,xDrive40i 4dr SUV AWD (3.0L 6cyl Turbo 8A),,$500,,,,,,"$1,000","$1,000",$500,,,,,,,,,
BMW,2020 BMW X6,M50i 4dr SUV AWD (4.4L 8cyl Turbo 8A),,$500,,,,,,"$1,000","$1,000",$500,,,,,,,,,
BMW,2020 BMW X6,sDrive40i 4dr SUV (3.0L 6cyl Turbo 8A),,$500,,,,,,"$1,000","$1,000",$500,,,,,,,,,
BMW,2020 BMW X3 M,Competition 4dr SUV AWD (3.0L 6cyl Turbo 8A),,$500,,"$3,000",,,,"$1,000","$1,000",$500,,,,,,,,,
BMW,2020 BMW X3 M,4dr SUV AWD (3.0L 6cyl Turbo 8A),,$500,,"$3,000",,,,"$1,000","$1,000",$500,,,,,,,,,
BMW,2020 BMW M2,Competition 2dr Coupe (3.0L 6cyl Turbo 6M),,$500,,,,,,,"$1,000",,,,,,,,,,
BMW,2020 BMW M8,2dr Convertible AWD (4.4L 8cyl Turbo 8A),,$500,,,,,,"$3,000","$1,000",,,,,,,,,,
BMW,2020 BMW M8,Competition 2dr Coupe AWD (4.4L 8cyl Turbo 8A),,$500,,,,,,"$3,000","$1,000",,,,,,,,,,
BMW,2020 BMW M8,2dr Coupe AWD (4.4L 8cyl Turbo 8A),,$500,,,,,,"$3,000","$1,000",,,,,,,,,,
BMW,2020 BMW M8,Competition 2dr Convertible AWD (4.4L 8cyl Turbo 8A),,$500,,,,,,"$3,000","$1,000",,,,,,,,,,
BMW,2020 BMW X4 M,Competition 4dr SUV AWD (3.0L 6cyl Turbo 8A),,$500,,"$3,000",,,,"$1,000","$1,000",$500,,,,,,,,,
BMW,2020 BMW X4 M,4dr SUV AWD (3.0L 6cyl Turbo 8A),,$500,,"$3,000",,,,"$1,000","$1,000",$500,,,,,,,,,
BMW,2020 BMW X1,xDrive28i 4dr SUV AWD (2.0L 4cyl Turbo 8A),,$500,,,,,,"$1,000","$1,000",$500,,,,,,,,,
BMW,2020 BMW X1,sDrive28i 4dr SUV (2.0L 4cyl Turbo 8A),,$500,,,,,,"$1,000","$1,000",$500,,,,,,,,,
BMW,2020 BMW X5,xDrive40i 4dr SUV AWD (3.0L 6cyl Turbo 8A),,$500,,,,,,"$1,000","$1,000",$500,,,,,,,,,
BMW,2020 BMW X5,sDrive40i 4dr SUV (3.0L 6cyl Turbo 8A),,$500,,,,,,"$1,000","$1,000",$500,,,,,,,,,
BMW,2020 BMW X5,M50i 4dr SUV AWD (4.4L 8cyl Turbo 8A),,$500,,,,,,"$1,000","$1,000",$500,,,,,,,,,
BMW,2020 BMW X5,xDrive50i 4dr SUV AWD (4.4L 8cyl Turbo 8A),,$500,,,,,,"$1,000","$1,000",$500,,,,,,,,,
BMW,2020 BMW M4,2dr Coupe (3.0L 6cyl Turbo 6M),,$500,,"$1,250",,,,"$1,000","$1,000",,,,,,,,,,
BMW,2020 BMW M4,2dr Convertible (3.0L 6cyl Turbo 6M),,$500,,"$1,250",,,,"$1,000","$1,000",,,,,,,,,,
BMW,2020 BMW X7,xDrive40i 4dr SUV AWD (3.0L 6cyl Turbo 8A),,$500,,,,,,"$1,000","$1,000",,,,,,,,,,
BMW,2020 BMW X7,M50i 4dr SUV AWD (4.4L 8cyl Turbo 8A),,$500,,,,,,"$1,000","$1,000",,,,,,,,,,
BMW,2020 BMW X7,xDrive50i 4dr SUV AWD (4.4L 8cyl Turbo 8A),,$500,,,,,,"$1,000","$1,000",,,,,,,,,,
BMW,2020 BMW 8 Series Gran Coupe,M850i xDrive 4dr Sedan AWD (4.4L 8cyl Turbo 8A),,$500,,,,,,"$3,000","$1,000",,,,,,,,,,
BMW,2020 BMW 8 Series Gran Coupe,840i 4dr Sedan (3.0L 6cyl Turbo 8A),,$500,,,,,,"$3,000","$1,000",,,,,,,,,,
BMW,2020 BMW 8 Series Gran Coupe,840i xDrive 4dr Sedan AWD (3.0L 6cyl Turbo 8A),,$500,,,,,,"$3,000","$1,000",,,,,,,,,,
BMW,2020 BMW X3,xDrive30i 4dr SUV AWD (2.0L 4cyl Turbo 8A),,$500,,$500,,,,"$1,000","$1,000",$500,,,,,,,,,
BMW,2020 BMW X3,sDrive30i 4dr SUV (2.0L 4cyl Turbo 8A),,$500,,$500,,,,"$1,000","$1,000",$500,,,,,,,,,
BMW,2020 BMW X3,M40i 4dr SUV AWD (3.0L 6cyl Turbo 8A),,$500,,$500,,,,"$1,000","$1,000",$500,,,,,,,,,
BMW,2020 BMW X3,xDrive30e 4dr SUV AWD (2.0L 4cyl Turbo gas/electric hybrid 8A),,$500,,$500,,,,"$1,000","$1,000",$500,,,,,,,,,
BMW,2020 BMW 3 Series,330i 4dr Sedan (2.0L 4cyl Turbo 8A),,$500,,$750,,,,"$2,000","$1,000","$1,000",,,,,,,,,
BMW,2020 BMW 3 Series,330i xDrive 4dr Sedan AWD (2.0L 4cyl Turbo 8A),,$500,,$750,,,,"$2,000","$1,000","$1,000",,,,,,,,,
BMW,2020 BMW 3 Series,M340i 4dr Sedan (3.0L 6cyl Turbo 8A),,$500,,$750,,,,"$2,000","$1,000","$1,000",,,,,,,,,
BMW,2020 BMW 3 Series,M340i xDrive 4dr Sedan AWD (3.0L 6cyl Turbo 8A),,$500,,$750,,,,"$2,000","$1,000","$1,000",,,,,,,,,
BMW,2020 BMW 2 Series,230i 2dr Convertible (2.0L 4cyl Turbo 8A),,$500,,"$1,500",,,,$500,"$1,000",,,,,,,,,,
BMW,2020 BMW 2 Series,230i 2dr Coupe (2.0L 4cyl Turbo 8A),,$500,,"$1,500",,,,$500,"$1,000",,,,,,,,,,
BMW,2020 BMW 2 Series,230i xDrive 2dr Convertible AWD (2.0L 4cyl Turbo 8A),,$500,,"$1,500",,,,$500,"$1,000",,,,,,,,,,
BMW,2020 BMW 2 Series,M240i 2dr Convertible (3.0L 6cyl Turbo 8A),,$500,,"$1,500",,,,$500,"$1,000",,,,,,,,,,
BMW,2020 BMW 2 Series,M240i 2dr Coupe (3.0L 6cyl Turbo 8A),,$500,,"$1,500",,,,$500,"$1,000",,,,,,,,,,
BMW,2020 BMW 2 Series,230i xDrive 2dr Coupe AWD (2.0L 4cyl Turbo 8A),,$500,,"$1,500",,,,$500,"$1,000",,,,,,,,,,
BMW,2020 BMW 2 Series,M240i xDrive 2dr Coupe AWD (3.0L 6cyl Turbo 8A),,$500,,"$1,500",,,,$500,"$1,000",,,,,,,,,,
BMW,2020 BMW 2 Series,M240i xDrive 2dr Convertible AWD (3.0L 6cyl Turbo 8A),,$500,,"$1,500",,,,$500,"$1,000",,,,,,,,,,
BMW,2021 BMW 8 Series,M850i xDrive 2dr Convertible AWD (4.4L 8cyl Turbo 8A),,$500,,,,,,"$3,000","$1,000",,,,,,,,,,
BMW,2021 BMW 8 Series,M850i xDrive 2dr Coupe AWD (4.4L 8cyl Turbo 8A),,$500,,,,,,"$3,000","$1,000",,,,,,,,,,
BMW,2021 BMW 8 Series,840i 2dr Convertible (3.0L 6cyl Turbo 8A),,$500,,,,,,"$3,000","$1,000",,,,,,,,,,
BMW,2021 BMW 8 Series,840i 2dr Coupe (3.0L 6cyl Turbo 8A),,$500,,,,,,"$3,000","$1,000",,,,,,,,,,
BMW,2021 BMW 8 Series,840i xDrive 2dr Convertible AWD (3.0L 6cyl Turbo 8A),,$500,,,,,,"$3,000","$1,000",,,,,,,,,,
BMW,2021 BMW 8 Series,840i xDrive 2dr Coupe AWD (3.0L 6cyl Turbo 8A),,$500,,,,,,"$3,000","$1,000",,,,,,,,,,
BMW,2020 BMW X4,xDrive30i 4dr SUV AWD (2.0L 4cyl Turbo 8A),,$500,,$500,,,,"$1,000","$1,000",$500,,,,,,,,,
BMW,2020 BMW X4,M40i 4dr SUV AWD (3.0L 6cyl Turbo 8A),,$500,,$500,,,,"$1,000","$1,000",$500,,,,,,,,,
BMW,2021 BMW 8 Series Gran Coupe,840i 4dr Sedan (3.0L 6cyl Turbo 8A),,$500,,,,,,"$3,000","$1,000",,,,,,,,,,
BMW,2021 BMW 8 Series Gran Coupe,M850i xDrive 4dr Sedan AWD (4.4L 8cyl Turbo 8A),,$500,,,,,,"$3,000","$1,000",,,,,,,,,,
BMW,2021 BMW 8 Series Gran Coupe,840i xDrive 4dr Sedan AWD (3.0L 6cyl Turbo 8A),,$500,,,,,,"$3,000","$1,000",,,,,,,,,,
BMW,2021 BMW X6 M,4dr SUV AWD (4.4L 8cyl Turbo 8A),,$500,,,,,,"$1,000","$1,000",,,,,,,,,,
BMW,2021 BMW X2,sDrive28i 4dr SUV (2.0L 4cyl Turbo 8A),,$500,,$500,,,,$500,"$1,000",,,,,,,,,,
BMW,2021 BMW X2,M35i 4dr SUV AWD (2.0L 4cyl Turbo 8A),,$500,,$500,,,,$500,"$1,000",,,,,,,,,,
BMW,2021 BMW X2,xDrive28i 4dr SUV AWD (2.0L 4cyl Turbo 8A),,$500,,$500,,,,$500,"$1,000",,,,,,,,,,
BMW,2021 BMW X4,M40i 4dr SUV AWD (3.0L 6cyl Turbo 8A),,$500,,"$1,250",,,,$750,"$1,000",,,,,,,,,,
BMW,2021 BMW X4,xDrive30i 4dr SUV AWD (2.0L 4cyl Turbo 8A),,$500,,"$1,250",,,,$750,"$1,000",,,,,,,,,,
BMW,2021 BMW X6,M50i 4dr SUV AWD (4.4L 8cyl Turbo 8A),,$500,,$500,,,,"$1,000","$1,000",,,,,,,,,,
BMW,2021 BMW X6,xDrive40i 4dr SUV AWD (3.0L 6cyl Turbo gas/electric hybrid 8A),,$500,,$500,,,,"$1,000","$1,000",,,,,,,,,,
BMW,2021 BMW X6,sDrive40i 4dr SUV (3.0L 6cyl Turbo gas/electric hybrid 8A),,$500,,$500,,,,"$1,000","$1,000",,,,,,,,,,
